date,product,demand,inventory,order_quantity,lead_time_days,fulfillment_rate
2023-01-01,Product_A,120,156,121,7,0.87
2023-01-02,Product_A,113,264,124,13,0.98
2023-01-03,Product_A,133,199,102,4,0.96
2023-01-04,Product_A,123,463,87,4,0.88
2023-01-05,Product_A,108,71,138,3,0.93
2023-01-06,Product_A,104,219,64,5,0.91
2023-01-07,Product_A,114,356,184,7,0.92
2023-01-08,Product_A,119,323,181,11,0.99
2023-01-09,Product_A,108,102,179,6,0.89
2023-01-10,Product_A,126,493,57,5,0.99
2023-01-11,Product_A,124,51,183,8,0.93
2023-01-12,Product_A,101,359,195,12,0.92
2023-01-13,Product_A,123,400,97,10,0.94
2023-01-14,Product_A,113,301,89,7,0.91
2023-01-15,Product_A,124,459,173,11,0.89
2023-01-16,Product_A,109,350,114,11,1.0
2023-01-17,Product_A,107,112,188,5,0.96
2023-01-18,Product_A,122,212,82,13,0.86
2023-01-19,Product_A,105,184,121,4,0.86
2023-01-20,Product_A,111,456,111,10,0.95
2023-01-21,Product_A,97,84,150,5,0.96
2023-01-22,Product_A,122,267,191,9,0.86
2023-01-23,Product_A,108,429,112,9,0.92
2023-01-24,Product_A,119,145,181,7,0.89
2023-01-25,Product_A,132,85,62,9,0.89
2023-01-26,Product_A,109,135,77,4,0.94
2023-01-27,Product_A,108,333,77,6,0.98
2023-01-28,Product_A,111,380,177,12,0.87
2023-01-29,Product_A,124,434,170,13,0.91
2023-01-30,Product_A,112,165,52,9,0.87
2023-01-31,Product_A,100,274,100,12,0.9
2023-02-01,Product_A,164,364,167,10,0.96
2023-02-02,Product_A,130,101,61,9,0.92
2023-02-03,Product_A,125,162,150,3,1.0
2023-02-04,Product_A,121,273,178,5,0.95
2023-02-05,Product_A,125,102,117,9,0.96
2023-02-06,Product_A,136,329,118,6,1.0
2023-02-07,Product_A,115,444,193,3,0.87
2023-02-08,Product_A,151,308,197,13,0.88
2023-02-09,Product_A,127,395,196,6,0.95
2023-02-10,Product_A,133,177,88,4,0.98
2023-02-11,Product_A,115,316,91,5,0.88
2023-02-12,Product_A,105,434,97,7,0.99
2023-02-13,Product_A,128,58,148,5,0.96
2023-02-14,Product_A,134,124,162,10,0.97
2023-02-15,Product_A,142,153,133,5,0.91
2023-02-16,Product_A,114,243,103,5,0.95
2023-02-17,Product_A,113,218,117,3,0.92
2023-02-18,Product_A,121,441,184,5,0.95
2023-02-19,Product_A,113,82,164,8,0.89
2023-02-20,Product_A,138,332,76,4,0.9
2023-02-21,Product_A,124,146,77,3,0.88
2023-02-22,Product_A,115,84,98,3,1.0
2023-02-23,Product_A,139,207,95,7,0.98
2023-02-24,Product_A,135,144,148,3,0.86
2023-02-25,Product_A,102,302,116,4,0.93
2023-02-26,Product_A,129,409,73,4,0.94
2023-02-27,Product_A,132,391,176,13,0.89
2023-02-28,Product_A,138,442,92,8,0.9
2023-03-01,Product_A,125,219,75,5,0.89
2023-03-02,Product_A,121,440,106,6,0.97
2023-03-03,Product_A,134,370,57,5,0.9
2023-03-04,Product_A,121,264,135,5,0.92
2023-03-05,Product_A,128,112,174,8,0.94
2023-03-06,Product_A,125,493,150,3,0.97
2023-03-07,Product_A,146,109,157,7,0.92
2023-03-08,Product_A,126,399,96,5,0.95
2023-03-09,Product_A,137,357,193,4,0.93
2023-03-10,Product_A,145,368,68,12,0.86
2023-03-11,Product_A,123,278,166,9,0.91
2023-03-12,Product_A,126,171,50,4,0.89
2023-03-13,Product_A,133,167,97,11,0.95
2023-03-14,Product_A,136,327,142,9,0.86
2023-03-15,Product_A,153,203,193,5,0.96
2023-03-16,Product_A,137,253,193,12,0.96
2023-03-17,Product_A,142,390,88,6,0.88
2023-03-18,Product_A,105,59,118,6,0.86
2023-03-19,Product_A,114,272,187,12,0.99
2023-03-20,Product_A,174,53,65,10,0.99
2023-03-21,Product_A,133,307,177,13,0.97
2023-03-22,Product_A,141,82,150,5,0.97
2023-03-23,Product_A,156,217,123,13,0.88
2023-03-24,Product_A,125,313,142,12,0.95
2023-03-25,Product_A,134,467,164,11,0.92
2023-03-26,Product_A,118,124,169,6,0.91
2023-03-27,Product_A,149,298,187,7,0.96
2023-03-28,Product_A,108,145,86,3,0.95
2023-03-29,Product_A,116,328,148,11,0.91
2023-03-30,Product_A,127,266,135,13,0.86
2023-03-31,Product_A,175,149,189,11,0.98
2023-04-01,Product_A,133,272,177,6,0.94
2023-04-02,Product_A,126,416,193,7,0.86
2023-04-03,Product_A,142,102,193,11,0.87
2023-04-04,Product_A,155,230,91,12,0.86
2023-04-05,Product_A,101,264,124,4,1.0
2023-04-06,Product_A,151,58,123,12,0.94
2023-04-07,Product_A,122,483,76,12,0.87
2023-04-08,Product_A,131,78,132,10,0.91
2023-04-09,Product_A,143,376,94,6,0.9
2023-04-10,Product_A,122,301,68,8,0.96
2023-04-11,Product_A,118,175,190,4,0.92
2023-04-12,Product_A,113,107,197,10,0.87
2023-04-13,Product_A,144,397,162,11,0.98
2023-04-14,Product_A,138,471,166,8,0.97
2023-04-15,Product_A,129,352,198,8,0.99
2023-04-16,Product_A,133,301,196,6,0.86
2023-04-17,Product_A,122,192,50,7,0.95
2023-04-18,Product_A,121,308,193,9,0.86
2023-04-19,Product_A,127,205,166,10,0.88
2023-04-20,Product_A,141,213,139,10,0.9
2023-04-21,Product_A,118,90,194,11,0.9
2023-04-22,Product_A,130,261,190,5,0.97
2023-04-23,Product_A,111,361,79,4,0.93
2023-04-24,Product_A,152,54,168,10,0.91
2023-04-25,Product_A,132,112,135,13,0.98
2023-04-26,Product_A,114,466,147,11,0.91
2023-04-27,Product_A,127,55,144,7,1.0
2023-04-28,Product_A,128,486,72,7,0.96
2023-04-29,Product_A,120,134,127,11,0.87
2023-04-30,Product_A,146,100,53,3,0.95
2023-05-01,Product_A,99,121,88,12,0.92
2023-05-02,Product_A,132,487,167,5,0.93
2023-05-03,Product_A,119,438,106,3,0.87
2023-05-04,Product_A,131,352,134,4,0.97
2023-05-05,Product_A,120,275,87,4,0.94
2023-05-06,Product_A,127,335,128,13,0.86
2023-05-07,Product_A,122,384,79,9,0.93
2023-05-08,Product_A,138,130,182,6,0.92
2023-05-09,Product_A,123,389,118,4,0.94
2023-05-10,Product_A,124,499,175,13,0.94
2023-05-11,Product_A,123,200,129,13,0.87
2023-05-12,Product_A,93,57,181,10,0.95
2023-05-13,Product_A,129,204,142,4,0.94
2023-05-14,Product_A,115,100,196,7,0.88
2023-05-15,Product_A,108,454,119,3,0.93
2023-05-16,Product_A,111,61,139,4,0.87
2023-05-17,Product_A,103,331,96,11,0.95
2023-05-18,Product_A,104,105,143,13,0.99
2023-05-19,Product_A,116,306,57,3,0.94
2023-05-20,Product_A,115,229,96,10,0.92
2023-05-21,Product_A,100,265,179,12,0.86
2023-05-22,Product_A,134,361,164,9,0.95
2023-05-23,Product_A,123,323,87,5,0.91
2023-05-24,Product_A,125,241,168,7,0.88
2023-05-25,Product_A,132,135,175,11,0.98
2023-05-26,Product_A,120,261,74,6,0.9
2023-05-27,Product_A,114,277,160,8,0.94
2023-05-28,Product_A,144,313,162,5,0.91
2023-05-29,Product_A,126,369,108,8,0.94
2023-05-30,Product_A,114,338,199,7,0.87
2023-05-31,Product_A,110,380,111,10,0.98
2023-06-01,Product_A,98,296,180,5,0.85
2023-06-02,Product_A,104,124,53,8,1.0
2023-06-03,Product_A,112,143,111,11,0.96
2023-06-04,Product_A,85,222,93,7,0.88
2023-06-05,Product_A,130,167,117,5,0.88
2023-06-06,Product_A,105,50,139,8,0.94
2023-06-07,Product_A,120,188,149,13,0.94
2023-06-08,Product_A,95,310,187,4,0.9
2023-06-09,Product_A,81,179,133,3,0.87
2023-06-10,Product_A,127,468,143,3,0.98
2023-06-11,Product_A,96,493,127,7,0.96
2023-06-12,Product_A,104,455,109,10,0.97
2023-06-13,Product_A,101,278,63,5,0.87
2023-06-14,Product_A,108,459,111,6,0.9
2023-06-15,Product_A,113,91,138,4,0.97
2023-06-16,Product_A,82,228,174,8,0.93
2023-06-17,Product_A,92,112,192,3,0.88
2023-06-18,Product_A,100,358,153,10,0.94
2023-06-19,Product_A,111,484,183,5,0.94
2023-06-20,Product_A,94,64,160,3,0.93
2023-06-21,Product_A,99,280,87,11,0.9
2023-06-22,Product_A,112,303,135,4,0.96
2023-06-23,Product_A,94,172,123,3,0.87
2023-06-24,Product_A,80,414,64,10,0.87
2023-06-25,Product_A,110,96,117,4,0.85
2023-06-26,Product_A,117,331,92,13,0.9
2023-06-27,Product_A,124,60,123,10,0.94
2023-06-28,Product_A,94,351,156,12,0.94
2023-06-29,Product_A,79,495,160,10,0.98
2023-06-30,Product_A,104,373,182,10,0.85
2023-07-01,Product_A,94,176,155,3,0.94
2023-07-02,Product_A,76,78,89,11,0.99
2023-07-03,Product_A,104,456,50,7,1.0
2023-07-04,Product_A,110,198,102,11,0.88
2023-07-05,Product_A,92,362,166,12,0.9
2023-07-06,Product_A,95,124,87,4,0.92
2023-07-07,Product_A,67,467,140,3,0.94
2023-07-08,Product_A,92,229,137,3,0.9
2023-07-09,Product_A,74,112,199,12,0.85
2023-07-10,Product_A,79,133,154,3,0.93
2023-07-11,Product_A,92,391,112,10,0.93
2023-07-12,Product_A,82,264,172,10,0.98
2023-07-13,Product_A,89,81,78,3,0.86
2023-07-14,Product_A,110,67,50,5,0.92
2023-07-15,Product_A,78,243,162,4,0.92
2023-07-16,Product_A,85,313,104,9,0.96
2023-07-17,Product_A,90,315,159,4,0.91
2023-07-18,Product_A,96,370,106,9,0.89
2023-07-19,Product_A,99,492,121,8,0.9
2023-07-20,Product_A,96,141,57,4,0.97
2023-07-21,Product_A,89,137,127,10,0.97
2023-07-22,Product_A,85,360,56,12,0.86
2023-07-23,Product_A,79,200,134,5,0.87
2023-07-24,Product_A,91,131,51,3,0.97
2023-07-25,Product_A,96,453,60,12,0.97
2023-07-26,Product_A,85,69,54,7,0.91
2023-07-27,Product_A,87,271,186,4,0.98
2023-07-28,Product_A,85,207,169,13,0.98
2023-07-29,Product_A,90,177,163,5,0.93
2023-07-30,Product_A,96,330,152,11,0.87
2023-07-31,Product_A,97,284,53,12,0.93
2023-08-01,Product_A,72,124,119,4,0.93
2023-08-02,Product_A,71,91,149,11,0.89
2023-08-03,Product_A,92,427,125,9,0.87
2023-08-04,Product_A,82,391,76,11,0.89
2023-08-05,Product_A,70,286,102,9,0.94
2023-08-06,Product_A,83,450,171,4,0.87
2023-08-07,Product_A,74,341,164,12,0.86
2023-08-08,Product_A,78,316,89,13,0.9
2023-08-09,Product_A,69,276,103,4,0.91
2023-08-10,Product_A,85,201,199,7,0.92
2023-08-11,Product_A,79,276,130,13,0.94
2023-08-12,Product_A,64,250,122,11,0.9
2023-08-13,Product_A,90,153,91,11,0.89
2023-08-14,Product_A,71,180,157,5,0.89
2023-08-15,Product_A,63,93,98,3,0.99
2023-08-16,Product_A,86,360,96,10,0.96
2023-08-17,Product_A,87,423,74,4,0.92
2023-08-18,Product_A,82,192,108,12,0.86
2023-08-19,Product_A,75,65,194,9,0.93
2023-08-20,Product_A,78,135,184,7,0.96
2023-08-21,Product_A,75,364,131,6,0.98
2023-08-22,Product_A,76,451,152,3,0.95
2023-08-23,Product_A,84,350,147,5,0.95
2023-08-24,Product_A,61,473,157,9,0.9
2023-08-25,Product_A,88,458,190,4,0.93
2023-08-26,Product_A,79,475,157,4,0.85
2023-08-27,Product_A,78,465,145,5,0.86
2023-08-28,Product_A,85,351,78,3,0.91
2023-08-29,Product_A,95,489,170,12,0.86
2023-08-30,Product_A,74,408,133,7,0.96
2023-08-31,Product_A,77,425,117,4,0.89
2023-09-01,Product_A,72,202,122,3,0.91
2023-09-02,Product_A,68,429,88,10,0.98
2023-09-03,Product_A,79,393,60,4,0.88
2023-09-04,Product_A,74,422,159,12,0.86
2023-09-05,Product_A,77,362,52,10,0.9
2023-09-06,Product_A,83,111,194,10,0.98
2023-09-07,Product_A,69,276,62,10,0.96
2023-09-08,Product_A,72,489,116,13,0.87
2023-09-09,Product_A,81,186,125,12,0.97
2023-09-10,Product_A,78,492,173,8,0.89
2023-09-11,Product_A,88,438,139,4,0.86
2023-09-12,Product_A,78,130,163,10,0.98
2023-09-13,Product_A,65,367,142,5,0.97
2023-09-14,Product_A,83,396,82,8,0.93
2023-09-15,Product_A,65,385,141,3,0.87
2023-09-16,Product_A,70,94,138,7,0.95
2023-09-17,Product_A,66,240,56,7,0.98
2023-09-18,Product_A,72,412,88,4,0.97
2023-09-19,Product_A,74,255,126,9,0.88
2023-09-20,Product_A,71,282,66,10,0.89
2023-09-21,Product_A,69,237,137,5,0.87
2023-09-22,Product_A,82,461,109,7,0.87
2023-09-23,Product_A,71,245,197,6,0.86
2023-09-24,Product_A,81,455,194,12,0.92
2023-09-25,Product_A,66,71,169,13,0.98
2023-09-26,Product_A,88,485,174,9,0.86
2023-09-27,Product_A,68,82,183,5,0.89
2023-09-28,Product_A,78,148,190,11,0.87
2023-09-29,Product_A,73,424,78,13,0.88
2023-09-30,Product_A,75,71,76,5,0.99
2023-10-01,Product_A,73,285,141,7,0.99
2023-10-02,Product_A,75,306,107,8,0.88
2023-10-03,Product_A,90,494,113,3,0.95
2023-10-04,Product_A,85,257,76,10,0.87
2023-10-05,Product_A,75,194,142,7,0.87
2023-10-06,Product_A,90,248,180,7,0.99
2023-10-07,Product_A,58,427,180,6,0.97
2023-10-08,Product_A,70,322,175,6,0.91
2023-10-09,Product_A,77,215,112,8,0.94
2023-10-10,Product_A,84,444,113,3,0.85
2023-10-11,Product_A,73,323,113,4,0.92
2023-10-12,Product_A,65,350,82,8,0.99
2023-10-13,Product_A,84,316,137,11,0.89
2023-10-14,Product_A,97,197,146,4,0.93
2023-10-15,Product_A,78,282,126,6,0.9
2023-10-16,Product_A,83,192,155,9,0.95
2023-10-17,Product_A,70,409,110,5,0.98
2023-10-18,Product_A,91,272,90,4,0.99
2023-10-19,Product_A,89,377,141,6,0.9
2023-10-20,Product_A,79,363,71,12,0.92
2023-10-21,Product_A,85,176,90,12,0.92
2023-10-22,Product_A,83,61,190,11,0.98
2023-10-23,Product_A,90,171,196,9,0.92
2023-10-24,Product_A,82,358,81,5,0.87
2023-10-25,Product_A,81,451,199,7,1.0
2023-10-26,Product_A,78,251,84,8,0.85
2023-10-27,Product_A,79,402,184,3,0.98
2023-10-28,Product_A,85,453,86,6,0.96
2023-10-29,Product_A,85,431,69,10,0.93
2023-10-30,Product_A,98,299,166,4,0.92
2023-10-31,Product_A,81,115,128,4,0.97
2023-11-01,Product_A,82,180,67,10,0.98
2023-11-02,Product_A,77,274,148,12,0.96
2023-11-03,Product_A,93,90,111,8,0.98
2023-11-04,Product_A,87,160,63,10,0.94
2023-11-05,Product_A,84,194,172,11,1.0
2023-11-06,Product_A,92,115,54,3,0.97
2023-11-07,Product_A,76,244,167,12,0.92
2023-11-08,Product_A,87,381,143,11,0.91
2023-11-09,Product_A,96,50,106,8,0.88
2023-11-10,Product_A,77,170,156,7,0.9
2023-11-11,Product_A,103,169,93,10,0.94
2023-11-12,Product_A,91,256,183,13,0.87
2023-11-13,Product_A,89,342,69,12,0.86
2023-11-14,Product_A,90,168,84,8,0.88
2023-11-15,Product_A,105,325,92,4,0.9
2023-11-16,Product_A,97,334,88,10,0.93
2023-11-17,Product_A,109,389,177,6,0.96
2023-11-18,Product_A,89,283,173,9,0.87
2023-11-19,Product_A,95,206,145,8,0.98
2023-11-20,Product_A,83,135,83,3,0.98
2023-11-21,Product_A,91,163,194,12,0.98
2023-11-22,Product_A,93,281,162,13,0.99
2023-11-23,Product_A,100,196,80,7,0.95
2023-11-24,Product_A,101,410,139,4,1.0
2023-11-25,Product_A,99,122,126,11,0.87
2023-11-26,Product_A,88,147,174,8,0.9
2023-11-27,Product_A,100,131,190,11,0.9
2023-11-28,Product_A,95,414,124,3,0.87
2023-11-29,Product_A,89,192,114,12,0.91
2023-11-30,Product_A,90,454,196,11,0.94
2023-12-01,Product_A,83,151,60,5,0.88
2023-12-02,Product_A,125,379,58,5,0.93
2023-12-03,Product_A,89,277,64,13,0.96
2023-12-04,Product_A,108,375,95,4,0.96
2023-12-05,Product_A,120,156,129,7,0.98
2023-12-06,Product_A,107,330,85,13,0.91
2023-12-07,Product_A,105,324,83,6,0.89
2023-12-08,Product_A,91,101,76,5,0.94
2023-12-09,Product_A,109,51,126,6,0.97
2023-12-10,Product_A,101,399,56,12,0.97
2023-12-11,Product_A,100,290,91,10,0.99
2023-12-12,Product_A,97,423,56,8,0.93
2023-12-13,Product_A,108,428,190,9,0.95
2023-12-14,Product_A,102,326,186,12,0.88
2023-12-15,Product_A,91,174,121,10,0.9
2023-12-16,Product_A,125,203,140,7,0.9
2023-12-17,Product_A,114,216,138,4,0.96
2023-12-18,Product_A,111,488,118,3,0.96
2023-12-19,Product_A,103,199,86,5,0.94
2023-12-20,Product_A,111,209,60,12,0.89
2023-12-21,Product_A,101,458,51,5,0.94
2023-12-22,Product_A,108,195,116,12,0.91
2023-12-23,Product_A,117,329,95,5,0.94
2023-12-24,Product_A,118,151,91,9,0.97
2023-12-25,Product_A,115,213,180,11,0.9
2023-12-26,Product_A,93,428,119,11,0.94
2023-12-27,Product_A,120,493,54,13,0.95
2023-12-28,Product_A,104,313,99,5,0.93
2023-12-29,Product_A,94,375,179,9,0.91
2023-12-30,Product_A,94,151,84,4,0.92
2023-12-31,Product_A,116,491,85,7,0.88
2024-01-01,Product_A,101,336,96,11,0.88
2024-01-02,Product_A,104,104,193,3,0.9
2024-01-03,Product_A,100,185,52,9,0.91
2024-01-04,Product_A,124,170,79,7,0.86
2024-01-05,Product_A,133,455,81,3,0.94
2024-01-06,Product_A,108,191,85,3,0.88
2024-01-07,Product_A,123,286,115,11,0.86
2024-01-08,Product_A,124,380,116,6,0.89
2024-01-09,Product_A,132,203,104,8,0.99
2024-01-10,Product_A,126,150,61,3,0.87
2024-01-11,Product_A,123,131,84,10,0.93
2024-01-12,Product_A,114,56,63,11,0.9
2024-01-13,Product_A,129,212,115,13,0.95
2024-01-14,Product_A,124,305,59,11,0.94
2024-01-15,Product_A,123,302,103,3,0.99
2024-01-16,Product_A,154,359,174,6,0.93
2024-01-17,Product_A,120,474,183,11,0.95
2024-01-18,Product_A,123,74,128,6,0.86
2024-01-19,Product_A,110,61,81,6,0.92
2024-01-20,Product_A,127,398,92,4,0.95
2024-01-21,Product_A,114,336,54,5,0.88
2024-01-22,Product_A,122,227,105,11,0.91
2024-01-23,Product_A,105,442,148,7,0.87
2024-01-24,Product_A,116,129,193,3,0.93
2024-01-25,Product_A,120,152,89,3,0.88
2024-01-26,Product_A,116,469,173,8,0.91
2024-01-27,Product_A,117,112,165,5,0.91
2024-01-28,Product_A,138,278,135,7,0.85
2024-01-29,Product_A,120,435,111,13,0.91
2024-01-30,Product_A,128,363,169,9,0.94
2024-01-31,Product_A,141,62,131,7,0.99
2024-02-01,Product_A,122,237,188,7,0.98
2024-02-02,Product_A,135,232,166,12,0.87
2024-02-03,Product_A,130,131,91,7,0.99
2024-02-04,Product_A,143,162,154,3,0.95
2024-02-05,Product_A,133,291,107,10,0.92
2024-02-06,Product_A,130,252,83,10,0.98
2024-02-07,Product_A,153,493,136,10,0.98
2024-02-08,Product_A,157,118,136,7,0.86
2024-02-09,Product_A,151,201,66,7,0.93
2024-02-10,Product_A,144,281,107,6,0.9
2024-02-11,Product_A,145,77,100,13,0.91
2024-02-12,Product_A,152,310,143,8,0.96
2024-02-13,Product_A,149,458,122,4,0.95
2024-02-14,Product_A,125,98,85,6,0.97
2024-02-15,Product_A,142,239,163,12,0.97
2024-02-16,Product_A,165,189,140,10,0.87
2024-02-17,Product_A,147,449,81,4,0.87
2024-02-18,Product_A,136,320,66,10,0.94
2024-02-19,Product_A,133,383,173,12,0.94
2024-02-20,Product_A,125,327,81,5,0.98
2024-02-21,Product_A,118,81,168,9,0.98
2024-02-22,Product_A,148,282,67,7,0.96
2024-02-23,Product_A,153,409,184,9,0.95
2024-02-24,Product_A,134,252,135,8,1.0
2024-02-25,Product_A,135,485,76,4,0.88
2024-02-26,Product_A,135,456,137,8,0.93
2024-02-27,Product_A,139,240,167,5,0.87
2024-02-28,Product_A,172,79,88,11,0.96
2024-02-29,Product_A,134,193,121,3,0.96
2024-03-01,Product_A,123,52,181,10,0.88
2024-03-02,Product_A,145,59,198,9,0.94
2024-03-03,Product_A,152,115,161,11,0.93
2024-03-04,Product_A,120,292,119,10,0.93
2024-03-05,Product_A,125,235,181,6,0.96
2024-03-06,Product_A,144,342,103,10,0.88
2024-03-07,Product_A,154,251,87,6,0.88
2024-03-08,Product_A,120,120,53,5,0.86
2024-03-09,Product_A,117,385,104,6,0.93
2024-03-10,Product_A,164,131,196,5,0.92
2024-03-11,Product_A,154,415,199,10,0.9
2024-03-12,Product_A,151,464,149,5,0.92
2024-03-13,Product_A,154,277,143,9,0.96
2024-03-14,Product_A,132,162,96,13,0.96
2024-03-15,Product_A,122,167,94,3,0.91
2024-03-16,Product_A,158,448,96,13,0.96
2024-03-17,Product_A,149,139,193,7,0.88
2024-03-18,Product_A,121,156,162,8,0.89
2024-03-19,Product_A,124,386,158,5,0.99
2024-03-20,Product_A,134,118,142,7,0.92
2024-03-21,Product_A,118,454,123,7,0.96
2024-03-22,Product_A,134,344,178,10,0.96
2024-03-23,Product_A,143,375,90,8,0.88
2024-03-24,Product_A,137,133,85,7,0.86
2024-03-25,Product_A,127,413,155,8,0.89
2024-03-26,Product_A,146,169,187,8,0.91
2024-03-27,Product_A,138,266,119,11,0.92
2024-03-28,Product_A,107,56,119,4,0.96
2024-03-29,Product_A,154,252,197,10,0.93
2024-03-30,Product_A,119,362,107,7,0.89
2024-03-31,Product_A,134,180,136,12,0.88
2024-04-01,Product_A,120,390,177,11,0.88
2024-04-02,Product_A,122,210,166,6,0.91
2024-04-03,Product_A,141,338,130,10,0.87
2024-04-04,Product_A,129,403,77,12,0.93
2024-04-05,Product_A,140,147,147,3,0.91
2024-04-06,Product_A,157,54,51,8,0.98
2024-04-07,Product_A,131,417,174,9,0.93
2024-04-08,Product_A,165,393,87,13,0.92
2024-04-09,Product_A,128,69,176,6,0.96
2024-04-10,Product_A,126,263,192,10,0.87
2024-04-11,Product_A,124,319,174,11,0.93
2024-04-12,Product_A,144,333,75,3,0.85
2024-04-13,Product_A,136,93,146,12,0.92
2024-04-14,Product_A,127,311,72,11,0.91
2024-04-15,Product_A,136,316,61,12,0.86
2024-04-16,Product_A,125,346,134,10,0.97
2024-04-17,Product_A,148,153,91,6,0.93
2024-04-18,Product_A,135,435,56,5,0.9
2024-04-19,Product_A,173,57,150,13,0.9
2024-04-20,Product_A,140,415,68,11,0.97
2024-04-21,Product_A,145,112,158,9,0.87
2024-04-22,Product_A,138,207,62,4,0.87
2024-04-23,Product_A,135,296,177,13,0.95
2024-04-24,Product_A,151,180,146,6,0.96
2024-04-25,Product_A,126,314,165,8,0.93
2024-04-26,Product_A,146,260,109,11,0.92
2024-04-27,Product_A,135,262,180,12,0.89
2024-04-28,Product_A,156,205,83,11,0.96
2024-04-29,Product_A,144,328,177,8,0.96
2024-04-30,Product_A,121,157,188,13,0.95
2024-05-01,Product_A,130,115,96,9,0.88
2024-05-02,Product_A,116,197,173,3,0.98
2024-05-03,Product_A,137,53,96,8,0.9
2024-05-04,Product_A,109,70,106,7,0.91
2024-05-05,Product_A,130,450,88,11,0.97
2024-05-06,Product_A,129,382,164,3,0.98
2024-05-07,Product_A,106,191,149,7,0.93
2024-05-08,Product_A,108,84,196,13,0.91
2024-05-09,Product_A,123,481,132,5,0.97
2024-05-10,Product_A,131,324,77,6,1.0
2024-05-11,Product_A,139,173,168,11,0.89
2024-05-12,Product_A,152,480,191,10,0.96
2024-05-13,Product_A,114,335,58,3,0.92
2024-05-14,Product_A,127,138,191,13,0.86
2024-05-15,Product_A,135,90,117,10,0.98
2024-05-16,Product_A,115,174,159,8,0.98
2024-05-17,Product_A,135,207,61,5,0.89
2024-05-18,Product_A,118,99,198,7,0.89
2024-05-19,Product_A,125,250,186,6,0.98
2024-05-20,Product_A,107,265,114,10,0.93
2024-05-21,Product_A,103,125,96,11,0.9
2024-05-22,Product_A,117,357,142,8,0.94
2024-05-23,Product_A,142,206,181,9,0.93
2024-05-24,Product_A,148,77,53,8,0.97
2024-05-25,Product_A,124,410,50,10,0.95
2024-05-26,Product_A,104,311,194,8,0.86
2024-05-27,Product_A,121,498,142,3,0.94
2024-05-28,Product_A,118,191,84,6,0.88
2024-05-29,Product_A,124,351,162,10,0.86
2024-05-30,Product_A,126,429,146,12,0.92
2024-05-31,Product_A,108,155,156,8,0.99
2024-06-01,Product_A,106,314,137,7,0.89
2024-06-02,Product_A,111,108,90,9,0.92
2024-06-03,Product_A,125,316,196,13,0.87
2024-06-04,Product_A,102,157,68,10,0.99
2024-06-05,Product_A,93,158,61,3,0.97
2024-06-06,Product_A,112,387,195,4,0.95
2024-06-07,Product_A,103,210,176,6,0.91
2024-06-08,Product_A,108,133,162,3,0.91
2024-06-09,Product_A,99,292,192,11,0.99
2024-06-10,Product_A,124,499,100,13,0.94
2024-06-11,Product_A,123,447,100,8,0.87
2024-06-12,Product_A,107,204,166,4,0.93
2024-06-13,Product_A,107,436,193,10,0.97
2024-06-14,Product_A,114,284,114,9,0.94
2024-06-15,Product_A,131,406,111,3,0.88
2024-06-16,Product_A,125,343,77,7,0.95
2024-06-17,Product_A,109,195,148,9,0.93
2024-06-18,Product_A,113,413,147,5,0.92
2024-06-19,Product_A,122,221,128,11,0.91
2024-06-20,Product_A,119,362,167,6,0.91
2024-06-21,Product_A,91,457,83,10,0.87
2024-06-22,Product_A,106,370,96,6,0.9
2024-06-23,Product_A,112,251,195,5,0.9
2024-06-24,Product_A,109,354,162,8,0.98
2024-06-25,Product_A,102,441,165,10,1.0
2024-06-26,Product_A,131,414,118,10,1.0
2024-06-27,Product_A,105,116,124,6,0.86
2024-06-28,Product_A,91,311,108,7,0.89
2024-06-29,Product_A,94,171,174,7,0.99
2024-06-30,Product_A,118,245,67,11,1.0
2024-07-01,Product_A,91,126,108,6,0.85
2024-07-02,Product_A,94,446,158,8,0.89
2024-07-03,Product_A,98,392,180,12,0.97
2024-07-04,Product_A,86,390,176,7,0.99
2024-07-05,Product_A,99,408,117,5,0.87
2024-07-06,Product_A,97,484,66,5,0.98
2024-07-07,Product_A,91,153,68,7,0.96
2024-07-08,Product_A,95,150,167,5,0.87
2024-07-09,Product_A,93,140,166,4,0.96
2024-07-10,Product_A,104,198,188,9,0.87
2024-07-11,Product_A,95,233,69,11,0.98
2024-07-12,Product_A,98,285,101,8,0.94
2024-07-13,Product_A,94,299,151,13,0.88
2024-07-14,Product_A,88,252,131,5,0.94
2024-07-15,Product_A,107,288,53,9,0.99
2024-07-16,Product_A,92,165,130,3,0.98
2024-07-17,Product_A,93,401,121,5,0.9
2024-07-18,Product_A,102,71,142,8,0.96
2024-07-19,Product_A,102,103,187,12,0.94
2024-07-20,Product_A,104,218,84,10,0.93
2024-07-21,Product_A,99,271,96,5,1.0
2024-07-22,Product_A,103,376,79,9,0.86
2024-07-23,Product_A,99,341,74,7,0.96
2024-07-24,Product_A,98,438,177,11,0.96
2024-07-25,Product_A,89,213,84,4,0.87
2024-07-26,Product_A,109,433,53,8,0.9
2024-07-27,Product_A,88,121,52,4,0.85
2024-07-28,Product_A,87,211,173,8,0.86
2024-07-29,Product_A,97,499,62,10,0.89
2024-07-30,Product_A,87,441,169,9,0.99
2024-07-31,Product_A,85,270,102,9,0.88
2024-08-01,Product_A,83,70,196,7,0.91
2024-08-02,Product_A,82,330,80,3,0.96
2024-08-03,Product_A,81,103,101,6,0.95
2024-08-04,Product_A,91,63,159,6,0.9
2024-08-05,Product_A,86,309,108,9,0.96
2024-08-06,Product_A,68,61,168,4,0.87
2024-08-07,Product_A,78,253,98,11,0.85
2024-08-08,Product_A,83,398,67,8,0.96
2024-08-09,Product_A,75,188,170,3,0.87
2024-08-10,Product_A,92,186,149,4,0.98
2024-08-11,Product_A,89,161,105,5,0.86
2024-08-12,Product_A,81,235,109,13,0.98
2024-08-13,Product_A,75,262,198,13,0.95
2024-08-14,Product_A,86,466,73,13,0.99
2024-08-15,Product_A,74,70,133,5,0.95
2024-08-16,Product_A,91,342,91,3,0.9
2024-08-17,Product_A,82,90,148,4,0.95
2024-08-18,Product_A,87,276,154,9,0.97
2024-08-19,Product_A,93,80,179,11,0.95
2024-08-20,Product_A,80,359,149,9,0.94
2024-08-21,Product_A,76,312,85,4,0.96
2024-08-22,Product_A,79,375,198,10,0.92
2024-08-23,Product_A,76,284,62,11,0.97
2024-08-24,Product_A,84,103,187,7,0.89
2024-08-25,Product_A,70,386,149,12,0.85
2024-08-26,Product_A,73,436,160,8,0.93
2024-08-27,Product_A,82,220,171,12,0.95
2024-08-28,Product_A,83,389,168,3,0.93
2024-08-29,Product_A,81,183,184,7,0.9
2024-08-30,Product_A,84,104,56,6,0.95
2024-08-31,Product_A,97,422,184,6,0.98
2024-09-01,Product_A,92,209,124,10,0.97
2024-09-02,Product_A,76,263,108,6,0.98
2024-09-03,Product_A,90,462,147,4,0.92
2024-09-04,Product_A,77,267,53,12,1.0
2024-09-05,Product_A,91,168,182,10,1.0
2024-09-06,Product_A,82,77,71,11,0.88
2024-09-07,Product_A,79,139,155,11,0.94
2024-09-08,Product_A,81,316,153,6,0.91
2024-09-09,Product_A,89,461,114,3,0.99
2024-09-10,Product_A,88,106,96,11,0.95
2024-09-11,Product_A,71,331,163,7,0.92
2024-09-12,Product_A,65,275,64,12,0.95
2024-09-13,Product_A,73,439,87,8,0.96
2024-09-14,Product_A,68,272,52,8,0.92
2024-09-15,Product_A,80,477,157,3,0.87
2024-09-16,Product_A,78,400,119,11,0.88
2024-09-17,Product_A,80,404,97,10,0.96
2024-09-18,Product_A,79,188,150,11,0.99
2024-09-19,Product_A,81,360,151,8,0.85
2024-09-20,Product_A,72,322,156,13,0.93
2024-09-21,Product_A,89,499,57,12,0.92
2024-09-22,Product_A,71,370,88,3,0.87
2024-09-23,Product_A,85,137,135,8,0.94
2024-09-24,Product_A,82,205,153,4,0.93
2024-09-25,Product_A,83,481,140,8,0.91
2024-09-26,Product_A,78,190,59,6,0.89
2024-09-27,Product_A,75,297,83,5,0.92
2024-09-28,Product_A,56,372,197,7,0.85
2024-09-29,Product_A,94,148,162,9,0.94
2024-09-30,Product_A,88,165,142,6,0.94
2024-10-01,Product_A,78,131,117,3,0.89
2024-10-02,Product_A,83,252,90,11,0.88
2024-10-03,Product_A,75,242,194,8,0.98
2024-10-04,Product_A,70,484,198,5,0.9
2024-10-05,Product_A,100,420,196,9,0.98
2024-10-06,Product_A,95,411,133,4,0.88
2024-10-07,Product_A,80,270,185,11,0.89
2024-10-08,Product_A,79,373,171,5,0.93
2024-10-09,Product_A,84,244,160,10,0.97
2024-10-10,Product_A,78,53,116,4,0.98
2024-10-11,Product_A,93,230,165,9,0.99
2024-10-12,Product_A,91,218,106,11,0.86
2024-10-13,Product_A,65,375,150,11,1.0
2024-10-14,Product_A,77,366,52,5,0.86
2024-10-15,Product_A,75,381,87,5,0.95
2024-10-16,Product_A,89,392,107,4,0.98
2024-10-17,Product_A,87,406,74,13,0.89
2024-10-18,Product_A,80,96,167,6,1.0
2024-10-19,Product_A,76,71,103,7,0.87
2024-10-20,Product_A,72,475,81,13,0.89
2024-10-21,Product_A,68,303,58,3,0.99
2024-10-22,Product_A,70,202,172,7,0.93
2024-10-23,Product_A,90,290,114,11,0.88
2024-10-24,Product_A,83,243,153,9,0.92
2024-10-25,Product_A,87,50,171,9,0.98
2024-10-26,Product_A,82,218,122,8,0.9
2024-10-27,Product_A,83,357,52,3,0.96
2024-10-28,Product_A,87,232,114,3,0.91
2024-10-29,Product_A,97,320,149,6,0.91
2024-10-30,Product_A,83,437,108,5,0.96
2024-10-31,Product_A,87,482,132,7,0.93
2024-11-01,Product_A,103,62,113,5,0.99
2024-11-02,Product_A,100,129,172,13,0.98
2024-11-03,Product_A,91,200,51,10,0.97
2024-11-04,Product_A,88,362,121,9,0.9
2024-11-05,Product_A,96,377,173,3,0.93
2024-11-06,Product_A,97,175,102,13,0.88
2024-11-07,Product_A,103,54,106,7,0.86
2024-11-08,Product_A,95,108,82,4,0.91
2024-11-09,Product_A,85,499,96,9,0.99
2024-11-10,Product_A,108,190,133,8,0.96
2024-11-11,Product_A,99,177,103,10,1.0
2024-11-12,Product_A,93,329,131,12,0.99
2024-11-13,Product_A,96,251,66,4,1.0
2024-11-14,Product_A,94,374,111,11,0.96
2024-11-15,Product_A,90,268,120,13,0.94
2024-11-16,Product_A,113,147,138,5,0.89
2024-11-17,Product_A,105,71,88,13,0.86
2024-11-18,Product_A,84,279,69,13,0.91
2024-11-19,Product_A,92,416,115,7,0.85
2024-11-20,Product_A,114,372,183,13,0.95
2024-11-21,Product_A,104,282,149,13,0.94
2024-11-22,Product_A,111,462,114,5,0.87
2024-11-23,Product_A,102,428,71,6,0.96
2024-11-24,Product_A,100,74,77,3,0.85
2024-11-25,Product_A,81,213,132,3,0.88
2024-11-26,Product_A,101,122,95,12,0.96
2024-11-27,Product_A,103,379,163,13,0.92
2024-11-28,Product_A,86,468,134,11,0.92
2024-11-29,Product_A,92,122,196,10,0.88
2024-11-30,Product_A,81,92,170,11,0.89
2024-12-01,Product_A,108,418,160,6,0.85
2024-12-02,Product_A,117,112,159,7,0.86
2024-12-03,Product_A,111,483,111,12,0.94
2024-12-04,Product_A,122,65,131,9,0.98
2024-12-05,Product_A,119,492,112,10,0.88
2024-12-06,Product_A,119,407,114,9,0.96
2024-12-07,Product_A,105,258,122,8,0.97
2024-12-08,Product_A,114,344,162,3,0.98
2024-12-09,Product_A,126,390,51,12,0.89
2024-12-10,Product_A,121,237,163,13,0.99
2024-12-11,Product_A,108,234,53,8,0.93
2024-12-12,Product_A,93,110,156,8,0.85
2024-12-13,Product_A,106,52,170,3,0.99
2024-12-14,Product_A,103,390,182,3,0.88
2024-12-15,Product_A,123,158,96,6,0.92
2024-12-16,Product_A,118,118,178,6,0.99
2024-12-17,Product_A,135,202,70,12,0.97
2024-12-18,Product_A,91,202,104,9,0.99
2024-12-19,Product_A,101,411,107,9,0.88
2024-12-20,Product_A,98,418,110,11,0.86
2024-12-21,Product_A,108,474,167,7,0.95
2024-12-22,Product_A,126,125,106,8,0.89
2024-12-23,Product_A,87,209,95,6,0.88
2024-12-24,Product_A,102,456,94,3,0.96
2024-12-25,Product_A,115,157,67,8,0.93
2024-12-26,Product_A,127,463,175,13,0.96
2024-12-27,Product_A,127,211,77,13,0.89
2024-12-28,Product_A,135,296,96,8,0.89
2024-12-29,Product_A,128,201,121,13,0.93
2024-12-30,Product_A,105,224,82,3,0.93
2024-12-31,Product_A,127,498,147,5,0.93
2023-01-01,Product_B,190,434,142,3,0.92
2023-01-02,Product_B,170,393,75,3,0.88
2023-01-03,Product_B,185,374,75,3,0.95
2023-01-04,Product_B,181,220,74,13,0.92
2023-01-05,Product_B,195,256,78,7,0.88
2023-01-06,Product_B,183,359,122,10,0.96
2023-01-07,Product_B,178,142,135,11,0.92
2023-01-08,Product_B,191,255,132,5,0.98
2023-01-09,Product_B,161,478,64,5,0.85
2023-01-10,Product_B,203,195,177,4,0.86
2023-01-11,Product_B,154,71,55,11,0.96
2023-01-12,Product_B,175,98,131,4,0.93
2023-01-13,Product_B,193,384,69,13,0.86
2023-01-14,Product_B,159,255,113,10,0.86
2023-01-15,Product_B,171,111,181,13,0.91
2023-01-16,Product_B,170,145,140,13,0.97
2023-01-17,Product_B,166,305,98,11,0.85
2023-01-18,Product_B,183,256,97,11,0.94
2023-01-19,Product_B,184,250,107,7,0.93
2023-01-20,Product_B,196,258,148,7,0.88
2023-01-21,Product_B,153,93,78,13,0.88
2023-01-22,Product_B,175,462,194,9,0.94
2023-01-23,Product_B,171,326,113,12,0.98
2023-01-24,Product_B,205,475,125,12,0.91
2023-01-25,Product_B,192,316,103,10,0.94
2023-01-26,Product_B,180,435,143,12,0.93
2023-01-27,Product_B,152,256,129,3,0.94
2023-01-28,Product_B,170,328,195,3,0.89
2023-01-29,Product_B,154,343,110,3,0.93
2023-01-30,Product_B,170,159,62,13,0.94
2023-01-31,Product_B,195,327,123,9,0.97
2023-02-01,Product_B,187,424,119,10,0.86
2023-02-02,Product_B,215,406,133,3,0.91
2023-02-03,Product_B,196,169,95,4,0.97
2023-02-04,Product_B,160,266,105,13,0.93
2023-02-05,Product_B,181,126,195,4,0.96
2023-02-06,Product_B,221,231,174,8,0.86
2023-02-07,Product_B,204,414,140,5,0.94
2023-02-08,Product_B,202,449,62,3,0.99
2023-02-09,Product_B,186,353,84,8,0.85
2023-02-10,Product_B,189,457,163,3,0.96
2023-02-11,Product_B,210,257,134,12,0.91
2023-02-12,Product_B,229,117,110,5,0.92
2023-02-13,Product_B,174,325,97,5,0.98
2023-02-14,Product_B,219,188,159,4,0.9
2023-02-15,Product_B,162,100,198,4,0.95
2023-02-16,Product_B,193,162,63,13,0.99
2023-02-17,Product_B,182,231,169,9,0.99
2023-02-18,Product_B,210,477,182,9,0.95
2023-02-19,Product_B,210,455,132,3,0.95
2023-02-20,Product_B,216,309,192,10,0.96
2023-02-21,Product_B,228,142,191,4,0.85
2023-02-22,Product_B,180,161,168,13,0.95
2023-02-23,Product_B,198,271,180,10,0.99
2023-02-24,Product_B,199,62,115,7,0.98
2023-02-25,Product_B,178,124,157,10,0.94
2023-02-26,Product_B,195,197,57,10,0.88
2023-02-27,Product_B,195,488,193,13,0.88
2023-02-28,Product_B,205,94,137,11,1.0
2023-03-01,Product_B,202,313,144,7,0.86
2023-03-02,Product_B,198,325,173,9,0.92
2023-03-03,Product_B,229,347,143,5,0.93
2023-03-04,Product_B,177,147,120,12,0.88
2023-03-05,Product_B,163,443,101,7,0.93
2023-03-06,Product_B,192,342,175,11,1.0
2023-03-07,Product_B,163,409,188,10,0.88
2023-03-08,Product_B,188,105,109,12,0.89
2023-03-09,Product_B,224,85,150,12,0.97
2023-03-10,Product_B,175,272,131,8,0.98
2023-03-11,Product_B,159,351,145,7,0.92
2023-03-12,Product_B,194,315,177,10,0.94
2023-03-13,Product_B,195,194,114,9,1.0
2023-03-14,Product_B,162,362,155,7,0.91
2023-03-15,Product_B,232,225,67,5,1.0
2023-03-16,Product_B,191,450,192,12,0.9
2023-03-17,Product_B,222,386,81,11,0.99
2023-03-18,Product_B,200,267,131,11,0.92
2023-03-19,Product_B,222,376,97,4,0.87
2023-03-20,Product_B,196,344,138,10,0.88
2023-03-21,Product_B,235,395,63,8,0.88
2023-03-22,Product_B,230,88,121,11,0.96
2023-03-23,Product_B,184,169,102,5,0.88
2023-03-24,Product_B,190,286,199,8,1.0
2023-03-25,Product_B,176,255,81,5,0.99
2023-03-26,Product_B,202,305,125,3,0.96
2023-03-27,Product_B,161,357,138,11,0.89
2023-03-28,Product_B,214,262,133,9,0.94
2023-03-29,Product_B,211,475,163,3,0.94
2023-03-30,Product_B,225,254,130,8,0.89
2023-03-31,Product_B,171,457,107,10,0.99
2023-04-01,Product_B,197,158,72,10,0.88
2023-04-02,Product_B,198,472,65,9,0.92
2023-04-03,Product_B,188,259,194,9,0.99
2023-04-04,Product_B,220,387,62,13,0.85
2023-04-05,Product_B,175,198,161,9,0.95
2023-04-06,Product_B,206,229,157,7,0.86
2023-04-07,Product_B,170,229,106,6,0.99
2023-04-08,Product_B,177,337,64,3,0.97
2023-04-09,Product_B,206,490,185,10,0.99
2023-04-10,Product_B,209,91,164,13,0.94
2023-04-11,Product_B,222,400,66,3,0.89
2023-04-12,Product_B,206,456,105,8,0.9
2023-04-13,Product_B,228,151,103,10,0.97
2023-04-14,Product_B,179,354,198,5,0.89
2023-04-15,Product_B,169,153,132,9,0.89
2023-04-16,Product_B,223,77,87,9,0.94
2023-04-17,Product_B,211,293,117,8,0.89
2023-04-18,Product_B,209,132,148,10,0.9
2023-04-19,Product_B,221,333,178,12,0.9
2023-04-20,Product_B,184,437,186,10,0.94
2023-04-21,Product_B,170,424,191,11,0.99
2023-04-22,Product_B,167,260,116,10,0.97
2023-04-23,Product_B,209,491,76,3,0.85
2023-04-24,Product_B,205,331,144,4,0.98
2023-04-25,Product_B,171,181,136,9,0.87
2023-04-26,Product_B,225,436,171,7,0.91
2023-04-27,Product_B,184,482,165,8,0.88
2023-04-28,Product_B,173,302,192,12,0.89
2023-04-29,Product_B,192,485,95,11,0.87
2023-04-30,Product_B,195,162,156,9,0.95
2023-05-01,Product_B,158,67,198,5,0.93
2023-05-02,Product_B,189,291,187,11,0.99
2023-05-03,Product_B,181,249,110,7,0.86
2023-05-04,Product_B,173,492,151,7,0.86
2023-05-05,Product_B,165,289,51,3,0.95
2023-05-06,Product_B,194,157,125,9,0.88
2023-05-07,Product_B,182,428,174,8,0.91
2023-05-08,Product_B,164,211,80,6,0.85
2023-05-09,Product_B,190,434,71,10,1.0
2023-05-10,Product_B,157,231,198,3,0.86
2023-05-11,Product_B,180,148,57,3,0.9
2023-05-12,Product_B,150,311,159,10,0.97
2023-05-13,Product_B,126,359,76,3,0.89
2023-05-14,Product_B,167,456,75,7,0.9
2023-05-15,Product_B,181,439,108,4,1.0
2023-05-16,Product_B,207,62,184,9,0.93
2023-05-17,Product_B,186,112,130,5,0.9
2023-05-18,Product_B,138,481,93,10,0.9
2023-05-19,Product_B,197,430,194,9,0.89
2023-05-20,Product_B,172,190,107,7,0.86
2023-05-21,Product_B,163,288,117,10,0.87
2023-05-22,Product_B,156,286,80,5,0.88
2023-05-23,Product_B,172,329,64,13,0.89
2023-05-24,Product_B,193,120,157,5,0.91
2023-05-25,Product_B,168,174,106,5,0.86
2023-05-26,Product_B,173,422,109,4,0.97
2023-05-27,Product_B,175,222,143,8,0.99
2023-05-28,Product_B,170,142,55,12,0.98
2023-05-29,Product_B,172,473,171,11,0.9
2023-05-30,Product_B,145,428,116,12,0.85
2023-05-31,Product_B,191,450,145,6,0.9
2023-06-01,Product_B,143,465,84,8,0.87
2023-06-02,Product_B,144,199,161,9,0.89
2023-06-03,Product_B,180,274,67,3,0.9
2023-06-04,Product_B,171,378,72,12,0.94
2023-06-05,Product_B,143,305,79,11,0.87
2023-06-06,Product_B,138,286,161,11,0.97
2023-06-07,Product_B,169,143,168,11,0.86
2023-06-08,Product_B,171,404,165,4,0.86
2023-06-09,Product_B,164,263,184,9,0.89
2023-06-10,Product_B,146,431,113,4,0.99
2023-06-11,Product_B,145,380,65,3,0.85
2023-06-12,Product_B,153,236,139,8,0.97
2023-06-13,Product_B,137,347,125,6,1.0
2023-06-14,Product_B,142,179,108,13,0.96
2023-06-15,Product_B,162,416,168,10,0.86
2023-06-16,Product_B,150,190,92,3,0.88
2023-06-17,Product_B,137,57,118,12,0.86
2023-06-18,Product_B,141,333,167,7,0.86
2023-06-19,Product_B,165,229,173,7,0.96
2023-06-20,Product_B,143,448,68,12,0.88
2023-06-21,Product_B,163,334,197,11,0.89
2023-06-22,Product_B,151,213,179,8,0.87
2023-06-23,Product_B,161,79,94,5,0.95
2023-06-24,Product_B,149,190,111,8,0.89
2023-06-25,Product_B,139,452,87,8,0.98
2023-06-26,Product_B,143,384,197,11,0.93
2023-06-27,Product_B,162,327,117,4,0.85
2023-06-28,Product_B,187,186,155,9,0.87
2023-06-29,Product_B,148,212,134,5,1.0
2023-06-30,Product_B,139,337,115,13,0.91
2023-07-01,Product_B,107,322,145,9,0.99
2023-07-02,Product_B,121,156,137,3,0.87
2023-07-03,Product_B,135,416,99,3,0.98
2023-07-04,Product_B,121,397,114,7,0.96
2023-07-05,Product_B,139,157,68,12,0.89
2023-07-06,Product_B,127,355,124,5,0.9
2023-07-07,Product_B,144,499,98,4,0.94
2023-07-08,Product_B,154,79,133,8,0.87
2023-07-09,Product_B,131,347,89,3,0.94
2023-07-10,Product_B,127,410,167,12,0.89
2023-07-11,Product_B,116,234,156,13,0.96
2023-07-12,Product_B,140,211,138,4,0.91
2023-07-13,Product_B,148,225,69,9,0.94
2023-07-14,Product_B,138,370,173,6,0.88
2023-07-15,Product_B,145,127,78,7,0.94
2023-07-16,Product_B,115,174,152,10,0.9
2023-07-17,Product_B,148,265,191,4,0.99
2023-07-18,Product_B,134,381,199,10,0.98
2023-07-19,Product_B,111,478,197,4,0.94
2023-07-20,Product_B,144,200,158,13,0.86
2023-07-21,Product_B,129,292,189,3,0.95
2023-07-22,Product_B,139,191,110,9,0.87
2023-07-23,Product_B,131,310,158,13,0.91
2023-07-24,Product_B,90,153,172,13,0.85
2023-07-25,Product_B,120,132,159,8,0.86
2023-07-26,Product_B,150,337,190,13,0.97
2023-07-27,Product_B,134,458,144,8,0.95
2023-07-28,Product_B,145,374,138,10,0.86
2023-07-29,Product_B,124,124,103,10,0.91
2023-07-30,Product_B,129,103,65,5,0.98
2023-07-31,Product_B,106,486,160,3,0.91
2023-08-01,Product_B,111,462,133,8,0.94
2023-08-02,Product_B,104,237,157,6,0.96
2023-08-03,Product_B,132,122,53,5,0.92
2023-08-04,Product_B,124,190,190,11,0.89
2023-08-05,Product_B,132,101,160,7,0.97
2023-08-06,Product_B,107,249,91,12,0.87
2023-08-07,Product_B,107,75,92,11,0.86
2023-08-08,Product_B,129,316,91,13,0.99
2023-08-09,Product_B,142,147,68,8,0.89
2023-08-10,Product_B,126,114,148,10,0.93
2023-08-11,Product_B,98,101,167,10,0.86
2023-08-12,Product_B,127,189,100,7,0.93
2023-08-13,Product_B,124,358,137,11,1.0
2023-08-14,Product_B,110,165,167,6,0.91
2023-08-15,Product_B,126,354,56,12,0.91
2023-08-16,Product_B,118,416,106,12,0.97
2023-08-17,Product_B,104,78,146,6,0.87
2023-08-18,Product_B,116,257,142,10,1.0
2023-08-19,Product_B,107,407,155,13,0.95
2023-08-20,Product_B,139,471,113,9,0.91
2023-08-21,Product_B,107,56,71,3,0.99
2023-08-22,Product_B,115,440,174,4,0.91
2023-08-23,Product_B,102,357,50,7,0.95
2023-08-24,Product_B,117,267,53,3,0.86
2023-08-25,Product_B,111,227,84,10,0.9
2023-08-26,Product_B,118,172,92,13,0.94
2023-08-27,Product_B,132,426,195,5,0.87
2023-08-28,Product_B,139,66,88,12,0.92
2023-08-29,Product_B,100,181,79,8,0.92
2023-08-30,Product_B,129,67,139,7,0.88
2023-08-31,Product_B,121,302,50,12,1.0
2023-09-01,Product_B,99,93,135,5,0.93
2023-09-02,Product_B,92,144,150,11,0.98
2023-09-03,Product_B,114,399,186,8,0.86
2023-09-04,Product_B,104,296,78,3,0.94
2023-09-05,Product_B,123,422,67,5,0.88
2023-09-06,Product_B,92,259,157,13,0.88
2023-09-07,Product_B,95,245,162,4,0.97
2023-09-08,Product_B,107,71,176,8,0.92
2023-09-09,Product_B,106,300,193,9,0.94
2023-09-10,Product_B,109,269,168,3,0.94
2023-09-11,Product_B,125,492,123,13,0.95
2023-09-12,Product_B,116,320,172,5,0.88
2023-09-13,Product_B,105,55,189,8,0.93
2023-09-14,Product_B,96,196,116,10,0.89
2023-09-15,Product_B,109,228,134,5,0.86
2023-09-16,Product_B,95,392,65,5,0.98
2023-09-17,Product_B,116,376,64,9,0.86
2023-09-18,Product_B,111,474,71,10,0.93
2023-09-19,Product_B,88,257,159,10,0.89
2023-09-20,Product_B,104,355,61,11,0.87
2023-09-21,Product_B,111,474,170,9,1.0
2023-09-22,Product_B,98,476,74,4,0.99
2023-09-23,Product_B,107,364,112,11,0.86
2023-09-24,Product_B,105,105,160,11,0.91
2023-09-25,Product_B,111,329,143,7,0.86
2023-09-26,Product_B,116,167,131,4,0.95
2023-09-27,Product_B,95,368,125,4,0.94
2023-09-28,Product_B,139,488,196,5,0.9
2023-09-29,Product_B,111,94,100,13,1.0
2023-09-30,Product_B,111,200,68,4,0.97
2023-10-01,Product_B,128,338,196,13,0.86
2023-10-02,Product_B,106,175,86,12,0.98
2023-10-03,Product_B,110,343,126,9,0.94
2023-10-04,Product_B,141,199,65,5,0.91
2023-10-05,Product_B,110,113,136,13,0.96
2023-10-06,Product_B,103,401,126,13,0.9
2023-10-07,Product_B,125,152,140,4,0.86
2023-10-08,Product_B,102,352,184,4,0.86
2023-10-09,Product_B,105,294,158,11,0.97
2023-10-10,Product_B,131,139,89,3,0.87
2023-10-11,Product_B,111,450,77,11,0.88
2023-10-12,Product_B,98,107,90,8,0.99
2023-10-13,Product_B,113,124,191,4,0.99
2023-10-14,Product_B,115,422,148,3,0.86
2023-10-15,Product_B,127,430,137,5,0.98
2023-10-16,Product_B,142,202,175,13,0.94
2023-10-17,Product_B,129,456,74,8,0.99
2023-10-18,Product_B,100,178,91,5,0.87
2023-10-19,Product_B,123,451,83,11,0.93
2023-10-20,Product_B,110,183,70,12,0.86
2023-10-21,Product_B,112,336,59,11,0.88
2023-10-22,Product_B,122,493,137,6,0.9
2023-10-23,Product_B,98,217,58,11,0.89
2023-10-24,Product_B,135,258,65,5,0.93
2023-10-25,Product_B,129,128,195,4,0.97
2023-10-26,Product_B,132,309,158,12,0.88
2023-10-27,Product_B,121,240,159,11,0.87
2023-10-28,Product_B,106,316,148,7,0.87
2023-10-29,Product_B,117,317,86,12,0.99
2023-10-30,Product_B,131,122,101,9,0.9
2023-10-31,Product_B,101,345,113,9,0.86
2023-11-01,Product_B,129,206,138,4,0.9
2023-11-02,Product_B,134,269,155,9,0.93
2023-11-03,Product_B,141,235,148,4,0.88
2023-11-04,Product_B,149,263,108,5,0.93
2023-11-05,Product_B,116,367,193,10,0.97
2023-11-06,Product_B,126,84,63,3,0.95
2023-11-07,Product_B,149,149,56,5,0.97
2023-11-08,Product_B,131,228,121,4,0.9
2023-11-09,Product_B,141,132,91,3,0.9
2023-11-10,Product_B,127,457,195,9,0.98
2023-11-11,Product_B,141,175,130,10,0.88
2023-11-12,Product_B,124,333,180,13,0.98
2023-11-13,Product_B,121,127,139,7,0.95
2023-11-14,Product_B,130,263,108,9,0.87
2023-11-15,Product_B,144,434,105,8,0.89
2023-11-16,Product_B,134,153,56,13,0.99
2023-11-17,Product_B,136,279,136,11,0.97
2023-11-18,Product_B,150,112,176,3,0.92
2023-11-19,Product_B,155,438,97,5,0.96
2023-11-20,Product_B,152,464,144,3,0.9
2023-11-21,Product_B,150,165,131,4,0.9
2023-11-22,Product_B,128,76,64,4,0.94
2023-11-23,Product_B,132,313,128,5,0.94
2023-11-24,Product_B,136,305,165,3,0.88
2023-11-25,Product_B,140,83,128,11,0.88
2023-11-26,Product_B,133,464,87,10,0.91
2023-11-27,Product_B,118,435,150,11,0.94
2023-11-28,Product_B,113,294,71,5,0.98
2023-11-29,Product_B,111,355,171,3,0.87
2023-11-30,Product_B,138,399,183,3,1.0
2023-12-01,Product_B,168,374,118,6,0.85
2023-12-02,Product_B,177,250,115,11,0.93
2023-12-03,Product_B,128,391,113,8,0.96
2023-12-04,Product_B,162,498,176,3,0.96
2023-12-05,Product_B,155,181,53,4,0.86
2023-12-06,Product_B,174,155,154,9,0.86
2023-12-07,Product_B,176,119,111,4,0.86
2023-12-08,Product_B,180,162,88,12,0.98
2023-12-09,Product_B,153,195,79,12,0.93
2023-12-10,Product_B,170,119,117,3,0.98
2023-12-11,Product_B,130,412,78,7,0.93
2023-12-12,Product_B,153,347,177,6,0.97
2023-12-13,Product_B,174,471,121,3,0.99
2023-12-14,Product_B,162,132,112,11,0.89
2023-12-15,Product_B,142,148,111,8,1.0
2023-12-16,Product_B,170,91,147,3,0.99
2023-12-17,Product_B,173,161,195,9,1.0
2023-12-18,Product_B,178,256,159,10,0.87
2023-12-19,Product_B,141,105,168,5,0.9
2023-12-20,Product_B,188,65,172,8,0.85
2023-12-21,Product_B,157,385,114,6,0.99
2023-12-22,Product_B,158,376,157,4,0.91
2023-12-23,Product_B,164,255,127,9,0.94
2023-12-24,Product_B,145,130,189,8,0.95
2023-12-25,Product_B,170,410,133,3,0.87
2023-12-26,Product_B,147,451,183,3,0.86
2023-12-27,Product_B,162,459,184,13,0.9
2023-12-28,Product_B,169,366,179,9,0.97
2023-12-29,Product_B,158,385,136,8,0.91
2023-12-30,Product_B,150,128,116,9,0.94
2023-12-31,Product_B,179,146,120,5,0.97
2024-01-01,Product_B,193,154,50,6,0.95
2024-01-02,Product_B,189,152,59,9,0.97
2024-01-03,Product_B,194,493,146,12,1.0
2024-01-04,Product_B,219,219,100,10,0.94
2024-01-05,Product_B,214,333,113,13,0.97
2024-01-06,Product_B,188,179,176,6,0.93
2024-01-07,Product_B,160,493,71,12,0.9
2024-01-08,Product_B,178,123,74,7,0.9
2024-01-09,Product_B,158,146,194,10,0.99
2024-01-10,Product_B,189,179,145,11,0.89
2024-01-11,Product_B,175,322,166,4,0.99
2024-01-12,Product_B,205,217,134,7,0.92
2024-01-13,Product_B,177,450,67,12,0.87
2024-01-14,Product_B,181,150,94,4,0.88
2024-01-15,Product_B,185,425,169,13,0.86
2024-01-16,Product_B,182,254,128,13,0.92
2024-01-17,Product_B,199,485,75,11,0.95
2024-01-18,Product_B,170,223,141,3,0.92
2024-01-19,Product_B,144,347,68,3,0.89
2024-01-20,Product_B,182,125,112,5,0.92
2024-01-21,Product_B,178,357,149,7,0.94
2024-01-22,Product_B,204,95,95,6,0.97
2024-01-23,Product_B,179,98,74,12,0.86
2024-01-24,Product_B,206,193,141,8,0.95
2024-01-25,Product_B,196,348,139,9,0.92
2024-01-26,Product_B,172,170,94,6,0.88
2024-01-27,Product_B,184,335,98,12,0.93
2024-01-28,Product_B,196,318,127,10,0.95
2024-01-29,Product_B,188,353,115,12,1.0
2024-01-30,Product_B,224,128,72,3,0.98
2024-01-31,Product_B,164,236,95,5,0.92
2024-02-01,Product_B,207,345,115,6,0.91
2024-02-02,Product_B,212,287,183,6,0.87
2024-02-03,Product_B,200,61,172,8,0.94
2024-02-04,Product_B,191,97,68,8,0.88
2024-02-05,Product_B,155,102,156,7,0.97
2024-02-06,Product_B,197,241,180,12,0.96
2024-02-07,Product_B,211,230,86,11,0.95
2024-02-08,Product_B,192,454,121,7,0.98
2024-02-09,Product_B,191,471,121,12,0.95
2024-02-10,Product_B,216,63,59,8,0.93
2024-02-11,Product_B,202,287,83,11,0.97
2024-02-12,Product_B,206,272,164,3,0.93
2024-02-13,Product_B,200,53,190,4,0.91
2024-02-14,Product_B,211,246,68,4,0.87
2024-02-15,Product_B,206,379,147,8,0.88
2024-02-16,Product_B,227,432,189,11,0.91
2024-02-17,Product_B,235,299,188,7,0.96
2024-02-18,Product_B,192,341,155,8,0.96
2024-02-19,Product_B,220,391,198,4,0.86
2024-02-20,Product_B,199,442,178,12,0.96
2024-02-21,Product_B,222,295,93,8,0.9
2024-02-22,Product_B,238,457,100,12,0.95
2024-02-23,Product_B,212,454,119,7,0.89
2024-02-24,Product_B,173,67,106,6,0.98
2024-02-25,Product_B,150,353,91,13,0.89
2024-02-26,Product_B,196,283,75,11,0.87
2024-02-27,Product_B,227,275,106,6,0.91
2024-02-28,Product_B,235,281,82,7,0.89
2024-02-29,Product_B,188,224,133,5,0.98
2024-03-01,Product_B,238,303,137,10,0.87
2024-03-02,Product_B,184,221,102,12,0.91
2024-03-03,Product_B,226,62,89,11,0.89
2024-03-04,Product_B,269,452,143,5,0.88
2024-03-05,Product_B,195,189,73,4,0.86
2024-03-06,Product_B,200,441,67,11,0.93
2024-03-07,Product_B,189,153,172,12,0.93
2024-03-08,Product_B,197,125,179,13,0.96
2024-03-09,Product_B,235,307,176,7,0.91
2024-03-10,Product_B,214,137,65,9,0.94
2024-03-11,Product_B,201,446,54,13,0.98
2024-03-12,Product_B,242,382,159,4,0.98
2024-03-13,Product_B,255,461,148,6,0.96
2024-03-14,Product_B,206,114,181,13,0.95
2024-03-15,Product_B,177,268,172,6,0.98
2024-03-16,Product_B,205,208,102,12,0.86
2024-03-17,Product_B,240,402,58,7,0.99
2024-03-18,Product_B,207,231,77,10,0.87
2024-03-19,Product_B,198,107,127,13,0.99
2024-03-20,Product_B,150,373,82,9,0.96
2024-03-21,Product_B,225,215,192,7,0.91
2024-03-22,Product_B,199,231,100,12,0.9
2024-03-23,Product_B,238,58,110,7,0.88
2024-03-24,Product_B,201,468,112,11,0.9
2024-03-25,Product_B,200,474,77,12,0.99
2024-03-26,Product_B,242,165,118,4,0.92
2024-03-27,Product_B,202,417,140,10,0.94
2024-03-28,Product_B,190,219,139,3,0.9
2024-03-29,Product_B,226,264,179,3,0.95
2024-03-30,Product_B,178,296,175,10,0.9
2024-03-31,Product_B,237,226,173,12,0.94
2024-04-01,Product_B,207,416,192,13,0.92
2024-04-02,Product_B,157,469,162,8,0.98
2024-04-03,Product_B,195,291,173,3,0.87
2024-04-04,Product_B,199,295,133,9,1.0
2024-04-05,Product_B,215,214,198,3,0.92
2024-04-06,Product_B,197,451,111,6,0.89
2024-04-07,Product_B,222,357,68,9,0.85
2024-04-08,Product_B,202,243,118,9,1.0
2024-04-09,Product_B,192,91,90,9,0.98
2024-04-10,Product_B,244,493,177,5,0.93
2024-04-11,Product_B,199,242,141,3,0.89
2024-04-12,Product_B,204,494,89,8,0.92
2024-04-13,Product_B,183,196,99,3,0.87
2024-04-14,Product_B,232,92,85,12,0.89
2024-04-15,Product_B,247,144,55,11,0.98
2024-04-16,Product_B,229,176,129,10,0.99
2024-04-17,Product_B,174,421,197,8,0.89
2024-04-18,Product_B,172,142,68,3,1.0
2024-04-19,Product_B,219,436,70,5,0.86
2024-04-20,Product_B,202,104,158,4,0.9
2024-04-21,Product_B,182,488,161,9,0.91
2024-04-22,Product_B,190,250,130,4,0.99
2024-04-23,Product_B,180,440,167,12,0.99
2024-04-24,Product_B,200,480,51,6,0.96
2024-04-25,Product_B,207,374,166,8,0.93
2024-04-26,Product_B,157,478,181,8,0.87
2024-04-27,Product_B,224,207,78,11,0.89
2024-04-28,Product_B,200,475,106,5,0.94
2024-04-29,Product_B,194,66,79,10,0.97
2024-04-30,Product_B,206,468,76,5,0.9
2024-05-01,Product_B,185,197,114,7,0.88
2024-05-02,Product_B,156,364,145,9,0.93
2024-05-03,Product_B,189,195,161,13,0.96
2024-05-04,Product_B,205,131,121,8,0.99
2024-05-05,Product_B,196,211,120,6,0.86
2024-05-06,Product_B,146,250,84,4,0.89
2024-05-07,Product_B,172,269,53,9,0.99
2024-05-08,Product_B,153,284,199,9,0.87
2024-05-09,Product_B,178,430,104,6,0.97
2024-05-10,Product_B,197,400,189,12,0.9
2024-05-11,Product_B,178,227,91,8,0.96
2024-05-12,Product_B,218,157,171,3,0.89
2024-05-13,Product_B,191,367,90,5,0.94
2024-05-14,Product_B,194,247,94,12,0.89
2024-05-15,Product_B,178,467,93,8,0.98
2024-05-16,Product_B,161,263,135,12,0.87
2024-05-17,Product_B,185,381,142,3,0.94
2024-05-18,Product_B,169,280,137,3,0.89
2024-05-19,Product_B,192,260,118,12,0.85
2024-05-20,Product_B,168,53,52,6,0.89
2024-05-21,Product_B,190,217,103,5,0.89
2024-05-22,Product_B,219,373,95,13,0.95
2024-05-23,Product_B,190,469,148,3,0.96
2024-05-24,Product_B,189,357,141,13,0.98
2024-05-25,Product_B,188,71,160,13,0.97
2024-05-26,Product_B,181,265,118,6,0.98
2024-05-27,Product_B,156,62,90,11,0.95
2024-05-28,Product_B,204,402,106,10,0.91
2024-05-29,Product_B,194,177,84,5,0.89
2024-05-30,Product_B,224,166,187,12,0.96
2024-05-31,Product_B,193,116,80,13,0.92
2024-06-01,Product_B,172,496,69,11,0.86
2024-06-02,Product_B,162,458,189,9,0.89
2024-06-03,Product_B,145,456,140,8,0.9
2024-06-04,Product_B,162,263,133,11,0.92
2024-06-05,Product_B,165,98,101,3,0.92
2024-06-06,Product_B,156,288,182,9,0.97
2024-06-07,Product_B,134,128,172,4,0.88
2024-06-08,Product_B,165,65,103,8,0.87
2024-06-09,Product_B,167,218,108,7,0.95
2024-06-10,Product_B,183,230,94,6,0.94
2024-06-11,Product_B,159,87,102,12,0.93
2024-06-12,Product_B,155,196,186,8,0.95
2024-06-13,Product_B,150,421,60,3,1.0
2024-06-14,Product_B,149,252,70,9,1.0
2024-06-15,Product_B,174,242,148,5,0.95
2024-06-16,Product_B,183,152,178,11,0.96
2024-06-17,Product_B,143,435,175,12,0.86
2024-06-18,Product_B,172,307,59,4,0.9
2024-06-19,Product_B,153,375,180,12,0.95
2024-06-20,Product_B,166,267,139,8,0.9
2024-06-21,Product_B,163,320,172,3,0.85
2024-06-22,Product_B,158,308,96,10,1.0
2024-06-23,Product_B,184,204,139,12,0.94
2024-06-24,Product_B,165,407,188,10,0.89
2024-06-25,Product_B,143,70,164,8,0.97
2024-06-26,Product_B,169,497,69,10,0.98
2024-06-27,Product_B,134,314,64,12,0.96
2024-06-28,Product_B,153,129,85,6,0.88
2024-06-29,Product_B,175,474,142,8,0.86
2024-06-30,Product_B,164,215,63,7,0.9
2024-07-01,Product_B,156,265,139,5,0.89
2024-07-02,Product_B,117,269,121,9,0.95
2024-07-03,Product_B,146,410,76,12,0.87
2024-07-04,Product_B,150,74,122,7,0.94
2024-07-05,Product_B,141,202,174,5,0.94
2024-07-06,Product_B,129,363,119,7,0.97
2024-07-07,Product_B,153,253,199,7,0.92
2024-07-08,Product_B,148,73,161,6,0.95
2024-07-09,Product_B,144,165,154,5,0.96
2024-07-10,Product_B,140,380,94,12,0.92
2024-07-11,Product_B,151,292,193,11,0.9
2024-07-12,Product_B,130,242,128,12,0.9
2024-07-13,Product_B,110,443,124,4,1.0
2024-07-14,Product_B,124,346,108,9,0.99
2024-07-15,Product_B,148,406,128,4,0.99
2024-07-16,Product_B,137,465,181,6,0.92
2024-07-17,Product_B,143,50,105,5,0.9
2024-07-18,Product_B,147,359,85,11,0.94
2024-07-19,Product_B,175,374,177,5,0.87
2024-07-20,Product_B,179,156,158,6,0.98
2024-07-21,Product_B,129,229,195,8,0.88
2024-07-22,Product_B,143,149,177,9,0.85
2024-07-23,Product_B,148,292,122,3,0.87
2024-07-24,Product_B,102,293,191,13,0.95
2024-07-25,Product_B,135,484,51,5,0.88
2024-07-26,Product_B,137,172,131,6,0.94
2024-07-27,Product_B,117,404,182,3,0.86
2024-07-28,Product_B,114,81,123,13,0.88
2024-07-29,Product_B,147,466,149,4,0.89
2024-07-30,Product_B,150,234,78,4,0.96
2024-07-31,Product_B,154,206,128,6,0.94
2024-08-01,Product_B,111,490,124,5,0.91
2024-08-02,Product_B,112,478,155,4,0.99
2024-08-03,Product_B,126,69,107,11,0.97
2024-08-04,Product_B,122,402,141,6,0.99
2024-08-05,Product_B,114,349,147,7,0.87
2024-08-06,Product_B,117,79,163,5,0.88
2024-08-07,Product_B,113,302,79,11,0.9
2024-08-08,Product_B,124,74,190,9,1.0
2024-08-09,Product_B,125,360,186,4,0.86
2024-08-10,Product_B,133,382,159,7,0.92
2024-08-11,Product_B,125,349,123,10,0.88
2024-08-12,Product_B,141,120,167,9,0.89
2024-08-13,Product_B,107,52,75,11,0.97
2024-08-14,Product_B,141,235,98,12,0.97
2024-08-15,Product_B,120,499,60,9,0.99
2024-08-16,Product_B,128,485,95,8,0.89
2024-08-17,Product_B,111,163,174,10,0.98
2024-08-18,Product_B,135,380,177,10,0.95
2024-08-19,Product_B,139,460,89,12,0.92
2024-08-20,Product_B,106,462,82,5,0.98
2024-08-21,Product_B,125,146,160,9,0.91
2024-08-22,Product_B,118,155,166,7,0.94
2024-08-23,Product_B,111,182,71,3,0.93
2024-08-24,Product_B,125,166,79,12,0.9
2024-08-25,Product_B,121,88,179,3,0.98
2024-08-26,Product_B,144,379,66,9,0.88
2024-08-27,Product_B,132,235,119,8,0.92
2024-08-28,Product_B,133,447,71,5,0.87
2024-08-29,Product_B,124,153,138,7,0.92
2024-08-30,Product_B,115,128,101,4,0.98
2024-08-31,Product_B,133,275,100,12,0.91
2024-09-01,Product_B,107,169,119,9,0.89
2024-09-02,Product_B,118,452,116,4,0.99
2024-09-03,Product_B,123,188,170,6,0.97
2024-09-04,Product_B,105,140,141,4,0.87
2024-09-05,Product_B,112,257,73,5,0.93
2024-09-06,Product_B,117,188,107,5,0.95
2024-09-07,Product_B,115,482,113,5,0.9
2024-09-08,Product_B,125,264,115,8,0.98
2024-09-09,Product_B,121,383,74,3,0.87
2024-09-10,Product_B,117,395,195,11,0.94
2024-09-11,Product_B,117,93,149,3,0.99
2024-09-12,Product_B,118,217,180,9,0.97
2024-09-13,Product_B,124,207,118,11,0.99
2024-09-14,Product_B,111,118,148,13,0.87
2024-09-15,Product_B,146,143,164,13,0.87
2024-09-16,Product_B,132,179,154,13,0.99
2024-09-17,Product_B,130,438,134,6,0.92
2024-09-18,Product_B,124,87,197,4,0.87
2024-09-19,Product_B,109,218,116,3,0.93
2024-09-20,Product_B,126,310,62,5,0.94
2024-09-21,Product_B,108,327,152,11,0.97
2024-09-22,Product_B,118,436,173,7,0.99
2024-09-23,Product_B,126,210,65,4,0.89
2024-09-24,Product_B,108,254,158,12,0.98
2024-09-25,Product_B,125,186,177,4,0.94
2024-09-26,Product_B,113,64,85,3,0.95
2024-09-27,Product_B,127,329,98,4,0.98
2024-09-28,Product_B,106,139,109,9,0.91
2024-09-29,Product_B,124,200,63,3,0.86
2024-09-30,Product_B,108,326,194,9,0.93
2024-10-01,Product_B,125,325,68,7,0.92
2024-10-02,Product_B,133,126,82,9,0.93
2024-10-03,Product_B,133,487,66,5,0.89
2024-10-04,Product_B,127,169,150,4,0.9
2024-10-05,Product_B,121,390,60,13,0.97
2024-10-06,Product_B,120,494,176,3,0.86
2024-10-07,Product_B,131,473,61,5,0.92
2024-10-08,Product_B,100,227,66,11,0.92
2024-10-09,Product_B,137,186,141,7,0.85
2024-10-10,Product_B,113,308,152,3,0.96
2024-10-11,Product_B,112,170,191,12,0.98
2024-10-12,Product_B,155,351,171,10,0.88
2024-10-13,Product_B,113,447,73,8,0.96
2024-10-14,Product_B,113,236,81,6,0.93
2024-10-15,Product_B,137,276,113,10,0.89
2024-10-16,Product_B,112,411,135,5,0.88
2024-10-17,Product_B,122,316,80,3,0.97
2024-10-18,Product_B,114,149,136,5,0.87
2024-10-19,Product_B,115,78,163,13,0.86
2024-10-20,Product_B,107,179,133,6,0.91
2024-10-21,Product_B,128,139,164,13,0.92
2024-10-22,Product_B,133,243,172,10,0.98
2024-10-23,Product_B,118,99,191,8,0.91
2024-10-24,Product_B,131,442,188,5,0.86
2024-10-25,Product_B,117,135,198,6,0.9
2024-10-26,Product_B,131,355,190,7,0.89
2024-10-27,Product_B,93,420,150,7,0.87
2024-10-28,Product_B,121,402,130,13,0.87
2024-10-29,Product_B,128,371,51,9,0.93
2024-10-30,Product_B,138,184,191,3,0.85
2024-10-31,Product_B,116,332,131,10,0.95
2024-11-01,Product_B,141,329,151,4,1.0
2024-11-02,Product_B,145,283,165,12,0.89
2024-11-03,Product_B,158,259,73,10,0.92
2024-11-04,Product_B,140,149,54,3,0.97
2024-11-05,Product_B,130,335,121,9,0.93
2024-11-06,Product_B,127,472,152,7,0.87
2024-11-07,Product_B,119,181,157,11,0.94
2024-11-08,Product_B,146,272,160,12,1.0
2024-11-09,Product_B,157,132,173,13,0.91
2024-11-10,Product_B,168,415,83,12,0.96
2024-11-11,Product_B,129,58,97,5,0.94
2024-11-12,Product_B,151,421,127,11,0.92
2024-11-13,Product_B,137,168,128,13,0.85
2024-11-14,Product_B,160,304,77,7,0.95
2024-11-15,Product_B,113,255,187,5,0.98
2024-11-16,Product_B,145,359,55,13,0.9
2024-11-17,Product_B,162,270,172,4,0.99
2024-11-18,Product_B,146,275,150,8,0.9
2024-11-19,Product_B,134,160,55,10,0.97
2024-11-20,Product_B,134,338,89,7,0.87
2024-11-21,Product_B,145,313,106,12,0.92
2024-11-22,Product_B,140,248,103,6,0.95
2024-11-23,Product_B,130,372,95,8,0.97
2024-11-24,Product_B,134,98,95,8,0.93
2024-11-25,Product_B,104,470,141,10,0.9
2024-11-26,Product_B,161,210,159,6,0.96
2024-11-27,Product_B,149,270,58,3,0.99
2024-11-28,Product_B,153,390,59,8,0.94
2024-11-29,Product_B,169,170,190,3,0.86
2024-11-30,Product_B,122,418,188,12,0.86
2024-12-01,Product_B,136,226,60,8,0.89
2024-12-02,Product_B,156,361,153,3,0.88
2024-12-03,Product_B,168,437,79,10,0.87
2024-12-04,Product_B,190,392,101,9,0.89
2024-12-05,Product_B,195,380,107,13,0.88
2024-12-06,Product_B,166,139,147,9,0.88
2024-12-07,Product_B,196,394,194,4,0.92
2024-12-08,Product_B,210,460,192,10,0.93
2024-12-09,Product_B,150,325,189,7,0.9
2024-12-10,Product_B,183,289,171,13,0.87
2024-12-11,Product_B,180,190,92,11,0.95
2024-12-12,Product_B,176,116,111,9,0.89
2024-12-13,Product_B,180,135,175,10,0.91
2024-12-14,Product_B,185,347,161,13,0.9
2024-12-15,Product_B,189,456,155,3,0.93
2024-12-16,Product_B,177,65,194,5,0.93
2024-12-17,Product_B,194,441,87,7,0.89
2024-12-18,Product_B,158,493,125,9,0.91
2024-12-19,Product_B,183,122,189,11,0.96
2024-12-20,Product_B,160,285,165,5,0.9
2024-12-21,Product_B,186,231,111,7,0.99
2024-12-22,Product_B,158,395,135,13,0.89
2024-12-23,Product_B,186,170,125,7,0.97
2024-12-24,Product_B,201,186,107,13,0.98
2024-12-25,Product_B,206,487,95,8,0.85
2024-12-26,Product_B,188,380,167,10,0.91
2024-12-27,Product_B,211,172,103,4,0.86
2024-12-28,Product_B,215,167,180,13,0.86
2024-12-29,Product_B,171,467,162,3,0.99
2024-12-30,Product_B,204,94,157,13,0.86
2024-12-31,Product_B,169,364,187,13,0.95
2023-01-01,Product_C,92,281,153,8,0.96
2023-01-02,Product_C,99,89,68,5,0.92
2023-01-03,Product_C,91,451,88,3,0.89
2023-01-04,Product_C,79,286,187,9,0.91
2023-01-05,Product_C,89,74,184,12,0.97
2023-01-06,Product_C,83,143,120,3,1.0
2023-01-07,Product_C,80,269,190,9,0.9
2023-01-08,Product_C,100,278,137,3,0.98
2023-01-09,Product_C,92,177,190,4,0.88
2023-01-10,Product_C,105,362,124,4,0.88
2023-01-11,Product_C,98,65,126,7,1.0
2023-01-12,Product_C,86,477,173,5,0.86
2023-01-13,Product_C,101,346,110,12,0.86
2023-01-14,Product_C,88,152,119,13,0.98
2023-01-15,Product_C,113,235,119,3,0.93
2023-01-16,Product_C,84,110,141,9,1.0
2023-01-17,Product_C,102,311,67,12,0.92
2023-01-18,Product_C,103,498,126,7,0.94
2023-01-19,Product_C,84,488,159,6,0.99
2023-01-20,Product_C,105,358,194,8,0.94
2023-01-21,Product_C,107,309,55,6,0.87
2023-01-22,Product_C,83,167,138,12,0.93
2023-01-23,Product_C,96,389,57,10,0.93
2023-01-24,Product_C,94,324,146,4,0.96
2023-01-25,Product_C,94,95,162,13,0.96
2023-01-26,Product_C,86,438,126,13,0.9
2023-01-27,Product_C,97,164,112,3,0.96
2023-01-28,Product_C,84,97,61,13,0.94
2023-01-29,Product_C,114,389,170,4,0.87
2023-01-30,Product_C,100,412,173,8,0.98
2023-01-31,Product_C,86,204,86,8,0.95
2023-02-01,Product_C,107,483,71,11,0.88
2023-02-02,Product_C,101,100,151,8,0.92
2023-02-03,Product_C,77,155,109,6,0.89
2023-02-04,Product_C,99,88,188,6,0.87
2023-02-05,Product_C,95,338,190,4,0.99
2023-02-06,Product_C,100,336,104,11,0.91
2023-02-07,Product_C,93,435,64,5,0.94
2023-02-08,Product_C,95,252,64,6,0.96
2023-02-09,Product_C,104,471,96,11,0.98
2023-02-10,Product_C,91,409,133,4,0.93
2023-02-11,Product_C,96,376,143,12,0.96
2023-02-12,Product_C,81,435,197,9,0.9
2023-02-13,Product_C,110,373,176,8,0.91
2023-02-14,Product_C,94,329,63,6,0.89
2023-02-15,Product_C,110,73,144,9,0.98
2023-02-16,Product_C,88,75,129,8,0.95
2023-02-17,Product_C,109,124,92,7,0.93
2023-02-18,Product_C,85,334,180,6,0.97
2023-02-19,Product_C,93,447,91,12,0.96
2023-02-20,Product_C,89,171,155,4,0.9
2023-02-21,Product_C,115,425,101,13,0.9
2023-02-22,Product_C,115,122,133,7,0.89
2023-02-23,Product_C,100,429,94,6,0.92
2023-02-24,Product_C,87,411,92,9,0.91
2023-02-25,Product_C,98,260,97,9,0.92
2023-02-26,Product_C,111,260,174,3,0.94
2023-02-27,Product_C,104,263,111,10,0.86
2023-02-28,Product_C,86,251,181,7,0.93
2023-03-01,Product_C,102,138,195,13,0.92
2023-03-02,Product_C,109,250,77,5,0.98
2023-03-03,Product_C,99,174,187,3,0.98
2023-03-04,Product_C,121,490,118,11,0.87
2023-03-05,Product_C,100,369,90,9,0.86
2023-03-06,Product_C,108,240,58,3,0.94
2023-03-07,Product_C,117,237,119,7,0.89
2023-03-08,Product_C,101,97,134,6,0.95
2023-03-09,Product_C,113,253,100,10,0.87
2023-03-10,Product_C,94,306,88,7,0.93
2023-03-11,Product_C,108,437,110,6,0.98
2023-03-12,Product_C,107,366,59,8,0.87
2023-03-13,Product_C,117,382,50,7,0.92
2023-03-14,Product_C,98,418,147,13,0.94
2023-03-15,Product_C,102,148,110,13,0.97
2023-03-16,Product_C,108,483,79,3,0.95
2023-03-17,Product_C,118,97,179,7,0.86
2023-03-18,Product_C,113,436,58,8,0.92
2023-03-19,Product_C,106,339,92,12,0.99
2023-03-20,Product_C,112,243,81,12,0.87
2023-03-21,Product_C,99,50,121,4,0.86
2023-03-22,Product_C,114,95,118,4,0.91
2023-03-23,Product_C,105,215,172,13,0.87
2023-03-24,Product_C,101,117,119,6,0.88
2023-03-25,Product_C,91,417,152,3,0.95
2023-03-26,Product_C,96,380,153,13,0.95
2023-03-27,Product_C,108,203,105,8,0.98
2023-03-28,Product_C,99,72,96,11,0.88
2023-03-29,Product_C,112,193,122,5,0.91
2023-03-30,Product_C,96,364,90,4,0.88
2023-03-31,Product_C,118,487,171,7,0.97
2023-04-01,Product_C,96,404,175,12,0.85
2023-04-02,Product_C,91,319,87,3,0.87
2023-04-03,Product_C,71,334,67,6,0.91
2023-04-04,Product_C,110,467,103,12,0.87
2023-04-05,Product_C,104,330,68,10,0.86
2023-04-06,Product_C,117,272,52,5,0.96
2023-04-07,Product_C,89,191,58,7,0.86
2023-04-08,Product_C,94,188,69,5,0.95
2023-04-09,Product_C,116,53,151,13,0.88
2023-04-10,Product_C,96,389,117,13,0.86
2023-04-11,Product_C,120,126,97,12,0.9
2023-04-12,Product_C,91,382,88,12,0.87
2023-04-13,Product_C,102,491,77,7,0.91
2023-04-14,Product_C,109,431,107,11,0.98
2023-04-15,Product_C,99,401,82,3,0.98
2023-04-16,Product_C,104,495,190,13,1.0
2023-04-17,Product_C,96,92,57,6,0.85
2023-04-18,Product_C,110,317,133,13,0.95
2023-04-19,Product_C,103,356,82,13,0.99
2023-04-20,Product_C,103,387,141,9,0.98
2023-04-21,Product_C,117,248,64,6,0.86
2023-04-22,Product_C,90,113,124,11,0.9
2023-04-23,Product_C,107,199,69,3,0.99
2023-04-24,Product_C,94,95,122,4,0.92
2023-04-25,Product_C,97,165,110,3,0.89
2023-04-26,Product_C,115,151,103,6,0.94
2023-04-27,Product_C,109,98,160,3,0.86
2023-04-28,Product_C,105,332,162,7,0.97
2023-04-29,Product_C,90,160,150,9,0.89
2023-04-30,Product_C,87,69,180,11,0.97
2023-05-01,Product_C,86,328,193,11,0.99
2023-05-02,Product_C,88,460,100,6,0.88
2023-05-03,Product_C,86,100,186,10,0.91
2023-05-04,Product_C,104,256,93,6,0.91
2023-05-05,Product_C,98,59,149,6,0.95
2023-05-06,Product_C,85,414,157,13,0.98
2023-05-07,Product_C,90,278,112,6,0.89
2023-05-08,Product_C,78,454,74,13,0.95
2023-05-09,Product_C,108,226,63,3,0.87
2023-05-10,Product_C,87,492,121,7,0.93
2023-05-11,Product_C,94,167,143,4,0.98
2023-05-12,Product_C,101,435,63,3,0.91
2023-05-13,Product_C,91,480,63,10,0.92
2023-05-14,Product_C,94,448,132,10,0.92
2023-05-15,Product_C,91,377,72,6,1.0
2023-05-16,Product_C,90,422,155,3,0.86
2023-05-17,Product_C,92,241,165,4,0.95
2023-05-18,Product_C,94,201,137,13,0.94
2023-05-19,Product_C,89,493,122,6,0.96
2023-05-20,Product_C,92,114,66,12,0.94
2023-05-21,Product_C,98,153,102,9,0.94
2023-05-22,Product_C,91,325,128,9,0.85
2023-05-23,Product_C,99,344,86,9,0.87
2023-05-24,Product_C,91,348,101,7,0.99
2023-05-25,Product_C,100,496,158,10,0.93
2023-05-26,Product_C,111,457,65,8,0.89
2023-05-27,Product_C,98,376,139,10,0.95
2023-05-28,Product_C,93,408,81,8,0.96
2023-05-29,Product_C,97,376,186,12,0.99
2023-05-30,Product_C,103,326,113,6,0.86
2023-05-31,Product_C,108,145,55,7,0.94
2023-06-01,Product_C,94,485,132,3,0.89
2023-06-02,Product_C,89,128,127,5,0.93
2023-06-03,Product_C,77,320,183,6,0.89
2023-06-04,Product_C,80,259,141,9,0.92
2023-06-05,Product_C,83,172,102,10,0.87
2023-06-06,Product_C,75,302,62,13,0.98
2023-06-07,Product_C,90,324,198,13,0.9
2023-06-08,Product_C,77,405,66,6,0.91
2023-06-09,Product_C,99,110,172,6,0.88
2023-06-10,Product_C,83,138,75,10,0.93
2023-06-11,Product_C,88,138,195,8,0.96
2023-06-12,Product_C,83,245,90,7,0.96
2023-06-13,Product_C,83,57,87,4,0.96
2023-06-14,Product_C,90,151,127,3,0.99
2023-06-15,Product_C,85,335,54,9,0.92
2023-06-16,Product_C,78,280,72,10,0.98
2023-06-17,Product_C,94,218,149,13,0.93
2023-06-18,Product_C,85,96,128,13,0.93
2023-06-19,Product_C,83,139,135,10,0.98
2023-06-20,Product_C,101,323,92,3,0.92
2023-06-21,Product_C,95,173,59,11,0.98
2023-06-22,Product_C,74,423,63,12,0.96
2023-06-23,Product_C,79,51,73,9,0.94
2023-06-24,Product_C,90,271,140,9,0.98
2023-06-25,Product_C,87,331,114,10,0.9
2023-06-26,Product_C,92,415,188,12,0.91
2023-06-27,Product_C,81,386,105,12,0.96
2023-06-28,Product_C,69,119,178,8,0.91
2023-06-29,Product_C,79,263,105,8,0.86
2023-06-30,Product_C,82,177,171,7,0.87
2023-07-01,Product_C,66,337,113,9,0.85
2023-07-02,Product_C,71,454,109,3,1.0
2023-07-03,Product_C,66,338,87,11,0.86
2023-07-04,Product_C,72,432,90,11,0.93
2023-07-05,Product_C,63,377,105,3,0.9
2023-07-06,Product_C,70,498,74,3,0.87
2023-07-07,Product_C,74,283,180,3,0.95
2023-07-08,Product_C,72,378,194,6,0.91
2023-07-09,Product_C,69,98,125,6,0.89
2023-07-10,Product_C,69,227,86,12,0.93
2023-07-11,Product_C,83,385,188,9,0.85
2023-07-12,Product_C,64,137,137,11,0.89
2023-07-13,Product_C,72,450,175,11,0.91
2023-07-14,Product_C,74,263,123,12,0.89
2023-07-15,Product_C,66,61,95,11,0.88
2023-07-16,Product_C,79,168,176,3,0.93
2023-07-17,Product_C,70,463,154,8,0.92
2023-07-18,Product_C,72,86,95,3,0.85
2023-07-19,Product_C,71,385,129,7,0.88
2023-07-20,Product_C,73,498,149,13,0.98
2023-07-21,Product_C,75,450,134,11,0.94
2023-07-22,Product_C,78,476,175,12,0.89
2023-07-23,Product_C,80,386,190,5,0.95
2023-07-24,Product_C,70,391,131,9,0.94
2023-07-25,Product_C,84,291,80,3,0.98
2023-07-26,Product_C,70,440,177,7,0.86
2023-07-27,Product_C,70,324,130,13,0.85
2023-07-28,Product_C,62,386,144,9,0.92
2023-07-29,Product_C,78,303,108,6,0.92
2023-07-30,Product_C,67,472,139,6,0.92
2023-07-31,Product_C,69,306,70,5,0.92
2023-08-01,Product_C,50,162,93,12,0.94
2023-08-02,Product_C,64,374,117,12,0.95
2023-08-03,Product_C,62,128,66,5,0.86
2023-08-04,Product_C,54,233,72,4,0.88
2023-08-05,Product_C,60,108,50,5,0.93
2023-08-06,Product_C,53,334,138,3,0.86
2023-08-07,Product_C,62,290,63,4,0.95
2023-08-08,Product_C,62,455,180,9,0.93
2023-08-09,Product_C,66,220,75,11,0.92
2023-08-10,Product_C,53,343,137,13,0.98
2023-08-11,Product_C,53,196,71,3,0.99
2023-08-12,Product_C,58,191,93,3,0.91
2023-08-13,Product_C,64,407,78,7,0.86
2023-08-14,Product_C,68,129,80,11,0.94
2023-08-15,Product_C,66,123,90,5,0.86
2023-08-16,Product_C,64,101,136,3,0.98
2023-08-17,Product_C,64,200,79,4,0.88
2023-08-18,Product_C,66,358,56,3,0.98
2023-08-19,Product_C,65,485,181,4,1.0
2023-08-20,Product_C,55,170,87,4,0.88
2023-08-21,Product_C,54,210,82,10,0.98
2023-08-22,Product_C,67,454,176,12,0.94
2023-08-23,Product_C,58,61,114,12,0.97
2023-08-24,Product_C,67,164,186,12,0.93
2023-08-25,Product_C,56,436,190,4,0.89
2023-08-26,Product_C,70,176,70,5,0.98
2023-08-27,Product_C,61,497,134,9,0.88
2023-08-28,Product_C,54,121,91,7,0.91
2023-08-29,Product_C,62,270,119,3,0.97
2023-08-30,Product_C,62,245,143,6,0.96
2023-08-31,Product_C,61,277,57,3,0.94
2023-09-01,Product_C,62,170,53,8,0.94
2023-09-02,Product_C,50,80,174,13,0.99
2023-09-03,Product_C,66,81,106,8,0.96
2023-09-04,Product_C,67,129,113,6,0.94
2023-09-05,Product_C,63,174,129,13,0.96
2023-09-06,Product_C,52,314,58,11,0.96
2023-09-07,Product_C,68,477,94,10,0.88
2023-09-08,Product_C,61,253,55,11,0.98
2023-09-09,Product_C,65,492,129,4,1.0
2023-09-10,Product_C,59,185,180,12,1.0
2023-09-11,Product_C,59,374,131,4,0.94
2023-09-12,Product_C,57,490,65,8,0.97
2023-09-13,Product_C,62,383,112,11,0.98
2023-09-14,Product_C,55,78,193,3,0.99
2023-09-15,Product_C,58,396,138,10,0.95
2023-09-16,Product_C,60,82,170,8,0.95
2023-09-17,Product_C,56,442,78,9,0.94
2023-09-18,Product_C,59,95,116,7,0.95
2023-09-19,Product_C,55,72,143,4,0.94
2023-09-20,Product_C,47,147,177,7,0.87
2023-09-21,Product_C,55,305,167,6,0.92
2023-09-22,Product_C,65,227,172,8,0.94
2023-09-23,Product_C,63,185,108,3,0.96
2023-09-24,Product_C,64,174,90,13,0.98
2023-09-25,Product_C,66,265,118,7,0.93
2023-09-26,Product_C,51,257,115,12,0.98
2023-09-27,Product_C,53,256,126,10,0.93
2023-09-28,Product_C,74,464,146,7,0.86
2023-09-29,Product_C,62,180,116,9,0.94
2023-09-30,Product_C,68,79,152,4,0.96
2023-10-01,Product_C,64,365,89,3,0.94
2023-10-02,Product_C,58,308,85,13,0.99
2023-10-03,Product_C,65,474,164,12,0.98
2023-10-04,Product_C,68,54,127,13,0.93
2023-10-05,Product_C,56,153,132,8,0.96
2023-10-06,Product_C,70,102,126,9,0.89
2023-10-07,Product_C,63,359,123,7,0.87
2023-10-08,Product_C,57,238,126,5,0.93
2023-10-09,Product_C,65,68,50,10,0.87
2023-10-10,Product_C,67,87,97,9,0.91
2023-10-11,Product_C,63,232,156,10,0.88
2023-10-12,Product_C,61,435,129,8,0.93
2023-10-13,Product_C,65,139,108,5,0.95
2023-10-14,Product_C,63,105,169,5,0.92
2023-10-15,Product_C,58,474,74,6,0.96
2023-10-16,Product_C,69,298,125,11,0.97
2023-10-17,Product_C,54,304,87,3,0.93
2023-10-18,Product_C,64,67,119,4,0.88
2023-10-19,Product_C,63,64,62,9,0.99
2023-10-20,Product_C,71,490,62,9,0.93
2023-10-21,Product_C,63,78,71,3,0.89
2023-10-22,Product_C,67,479,190,12,0.92
2023-10-23,Product_C,71,377,74,10,0.89
2023-10-24,Product_C,69,446,70,3,0.91
2023-10-25,Product_C,60,430,82,6,0.94
2023-10-26,Product_C,56,193,73,7,1.0
2023-10-27,Product_C,66,382,125,7,0.87
2023-10-28,Product_C,67,93,148,12,0.88
2023-10-29,Product_C,65,420,109,4,0.91
2023-10-30,Product_C,63,429,179,3,0.95
2023-10-31,Product_C,52,284,156,4,0.91
2023-11-01,Product_C,83,294,143,5,0.88
2023-11-02,Product_C,67,349,170,6,0.86
2023-11-03,Product_C,69,437,50,5,0.94
2023-11-04,Product_C,62,111,113,3,0.92
2023-11-05,Product_C,61,62,92,4,0.95
2023-11-06,Product_C,68,254,177,5,0.98
2023-11-07,Product_C,74,440,64,10,0.93
2023-11-08,Product_C,66,214,161,9,0.88
2023-11-09,Product_C,70,427,129,12,0.85
2023-11-10,Product_C,69,477,183,12,0.91
2023-11-11,Product_C,82,184,90,10,0.98
2023-11-12,Product_C,75,243,159,4,0.92
2023-11-13,Product_C,68,439,75,13,0.86
2023-11-14,Product_C,62,265,141,5,0.87
2023-11-15,Product_C,68,156,195,7,0.91
2023-11-16,Product_C,76,417,165,8,0.92
2023-11-17,Product_C,61,212,146,5,0.97
2023-11-18,Product_C,59,382,176,3,1.0
2023-11-19,Product_C,74,264,141,13,0.95
2023-11-20,Product_C,69,188,64,3,0.95
2023-11-21,Product_C,82,75,136,13,0.95
2023-11-22,Product_C,76,407,120,8,0.86
2023-11-23,Product_C,68,191,149,7,0.9
2023-11-24,Product_C,76,425,128,8,0.92
2023-11-25,Product_C,70,494,73,9,0.93
2023-11-26,Product_C,66,231,154,11,0.87
2023-11-27,Product_C,65,207,104,5,0.89
2023-11-28,Product_C,70,213,196,9,0.86
2023-11-29,Product_C,79,407,144,9,0.87
2023-11-30,Product_C,77,299,73,6,1.0
2023-12-01,Product_C,90,342,164,7,0.87
2023-12-02,Product_C,86,300,171,13,0.99
2023-12-03,Product_C,76,346,155,8,0.88
2023-12-04,Product_C,70,270,140,13,0.88
2023-12-05,Product_C,97,240,142,5,0.89
2023-12-06,Product_C,82,313,78,11,0.95
2023-12-07,Product_C,87,227,180,5,0.92
2023-12-08,Product_C,92,298,155,13,0.86
2023-12-09,Product_C,86,489,97,6,0.89
2023-12-10,Product_C,92,137,80,13,0.86
2023-12-11,Product_C,93,277,177,9,0.9
2023-12-12,Product_C,89,439,80,8,0.92
2023-12-13,Product_C,85,180,197,12,0.91
2023-12-14,Product_C,93,357,164,4,0.97
2023-12-15,Product_C,86,375,188,4,0.91
2023-12-16,Product_C,72,298,70,5,0.89
2023-12-17,Product_C,82,61,56,3,0.92
2023-12-18,Product_C,93,299,163,12,0.96
2023-12-19,Product_C,77,352,144,5,0.92
2023-12-20,Product_C,84,125,172,8,0.87
2023-12-21,Product_C,94,50,119,10,0.89
2023-12-22,Product_C,91,135,88,9,0.87
2023-12-23,Product_C,68,70,154,4,0.92
2023-12-24,Product_C,74,98,65,3,0.88
2023-12-25,Product_C,81,466,75,4,0.95
2023-12-26,Product_C,82,136,90,8,0.93
2023-12-27,Product_C,87,91,142,11,0.9
2023-12-28,Product_C,100,66,58,4,0.87
2023-12-29,Product_C,95,146,168,8,0.86
2023-12-30,Product_C,96,117,199,6,0.94
2023-12-31,Product_C,86,308,101,12,0.88
2024-01-01,Product_C,102,303,114,6,0.97
2024-01-02,Product_C,86,277,115,12,0.97
2024-01-03,Product_C,103,63,65,8,1.0
2024-01-04,Product_C,89,68,115,9,0.9
2024-01-05,Product_C,115,452,193,8,0.93
2024-01-06,Product_C,107,188,88,11,0.85
2024-01-07,Product_C,84,496,172,12,0.98
2024-01-08,Product_C,99,253,51,8,1.0
2024-01-09,Product_C,93,246,135,7,0.9
2024-01-10,Product_C,114,460,187,12,0.91
2024-01-11,Product_C,108,110,100,12,0.91
2024-01-12,Product_C,103,368,160,11,0.89
2024-01-13,Product_C,96,483,181,10,0.98
2024-01-14,Product_C,102,148,123,4,0.91
2024-01-15,Product_C,92,220,159,13,0.99
2024-01-16,Product_C,96,346,130,9,0.85
2024-01-17,Product_C,88,400,196,5,1.0
2024-01-18,Product_C,114,331,153,5,0.89
2024-01-19,Product_C,111,429,183,3,0.89
2024-01-20,Product_C,94,302,171,12,0.85
2024-01-21,Product_C,93,375,66,4,0.9
2024-01-22,Product_C,93,249,129,13,0.95
2024-01-23,Product_C,86,428,84,3,0.99
2024-01-24,Product_C,114,415,50,11,0.9
2024-01-25,Product_C,87,315,177,6,1.0
2024-01-26,Product_C,91,331,161,5,0.9
2024-01-27,Product_C,112,317,198,12,0.99
2024-01-28,Product_C,94,414,84,3,0.88
2024-01-29,Product_C,103,74,108,13,0.96
2024-01-30,Product_C,102,302,142,7,0.96
2024-01-31,Product_C,79,118,181,8,0.87
2024-02-01,Product_C,119,329,115,8,0.95
2024-02-02,Product_C,121,436,86,7,0.94
2024-02-03,Product_C,120,473,66,10,0.87
2024-02-04,Product_C,106,57,177,7,0.86
2024-02-05,Product_C,115,225,157,5,0.85
2024-02-06,Product_C,101,216,197,7,0.94
2024-02-07,Product_C,97,383,78,12,0.98
2024-02-08,Product_C,122,405,123,5,0.86
2024-02-09,Product_C,112,467,58,9,0.98
2024-02-10,Product_C,97,280,183,4,0.97
2024-02-11,Product_C,116,134,69,4,0.97
2024-02-12,Product_C,112,137,118,7,0.97
2024-02-13,Product_C,113,217,103,4,0.88
2024-02-14,Product_C,120,350,152,12,0.89
2024-02-15,Product_C,98,306,93,8,0.88
2024-02-16,Product_C,116,324,164,5,0.94
2024-02-17,Product_C,107,138,107,13,0.87
2024-02-18,Product_C,116,431,73,10,0.93
2024-02-19,Product_C,98,486,129,10,0.99
2024-02-20,Product_C,116,405,89,9,0.87
2024-02-21,Product_C,106,294,158,12,0.97
2024-02-22,Product_C,95,309,121,10,0.92
2024-02-23,Product_C,125,156,97,13,0.85
2024-02-24,Product_C,107,267,166,3,0.96
2024-02-25,Product_C,132,447,65,13,0.98
2024-02-26,Product_C,104,123,130,8,0.9
2024-02-27,Product_C,108,108,138,11,0.97
2024-02-28,Product_C,119,449,129,8,0.94
2024-02-29,Product_C,120,474,141,3,0.94
2024-03-01,Product_C,127,263,114,6,0.95
2024-03-02,Product_C,122,291,147,12,0.89
2024-03-03,Product_C,138,457,121,5,0.93
2024-03-04,Product_C,118,189,141,8,1.0
2024-03-05,Product_C,101,241,126,11,0.92
2024-03-06,Product_C,91,270,97,7,0.92
2024-03-07,Product_C,124,219,168,12,0.9
2024-03-08,Product_C,116,86,102,4,0.93
2024-03-09,Product_C,115,87,178,6,1.0
2024-03-10,Product_C,105,365,139,6,0.98
2024-03-11,Product_C,89,57,156,11,0.87
2024-03-12,Product_C,95,145,75,8,0.87
2024-03-13,Product_C,118,217,100,13,1.0
2024-03-14,Product_C,104,304,60,7,0.86
2024-03-15,Product_C,108,473,81,10,0.91
2024-03-16,Product_C,106,304,111,13,0.88
2024-03-17,Product_C,101,154,141,11,0.89
2024-03-18,Product_C,95,191,185,3,0.97
2024-03-19,Product_C,119,184,137,3,0.95
2024-03-20,Product_C,120,105,64,11,0.88
2024-03-21,Product_C,112,137,146,10,0.96
2024-03-22,Product_C,125,231,63,13,0.99
2024-03-23,Product_C,122,358,176,13,0.94
2024-03-24,Product_C,123,327,146,12,0.95
2024-03-25,Product_C,126,352,78,8,0.92
2024-03-26,Product_C,111,213,62,13,0.96
2024-03-27,Product_C,102,376,171,6,0.97
2024-03-28,Product_C,112,431,50,6,0.9
2024-03-29,Product_C,100,393,70,3,0.88
2024-03-30,Product_C,105,384,144,8,0.99
2024-03-31,Product_C,93,295,172,13,0.97
2024-04-01,Product_C,106,457,174,3,0.88
2024-04-02,Product_C,100,227,188,10,0.98
2024-04-03,Product_C,104,148,197,7,0.87
2024-04-04,Product_C,81,381,111,9,0.87
2024-04-05,Product_C,123,57,53,7,0.95
2024-04-06,Product_C,83,74,192,7,0.91
2024-04-07,Product_C,126,91,141,6,0.99
2024-04-08,Product_C,89,83,125,3,0.94
2024-04-09,Product_C,121,284,56,6,0.93
2024-04-10,Product_C,116,101,192,9,0.91
2024-04-11,Product_C,112,326,64,12,0.95
2024-04-12,Product_C,102,64,112,6,0.97
2024-04-13,Product_C,106,368,106,10,0.97
2024-04-14,Product_C,114,92,184,7,0.99
2024-04-15,Product_C,108,269,129,11,0.91
2024-04-16,Product_C,120,437,51,5,1.0
2024-04-17,Product_C,100,157,186,6,0.88
2024-04-18,Product_C,97,131,132,5,0.98
2024-04-19,Product_C,108,112,104,9,0.97
2024-04-20,Product_C,93,154,118,5,0.98
2024-04-21,Product_C,110,208,94,13,0.85
2024-04-22,Product_C,110,380,58,3,0.93
2024-04-23,Product_C,99,464,75,9,0.97
2024-04-24,Product_C,130,377,113,8,0.95
2024-04-25,Product_C,118,197,154,9,0.99
2024-04-26,Product_C,96,178,51,12,0.99
2024-04-27,Product_C,113,459,76,7,0.87
2024-04-28,Product_C,109,109,156,11,1.0
2024-04-29,Product_C,122,145,138,12,0.89
2024-04-30,Product_C,115,324,160,12,0.88
2024-05-01,Product_C,100,340,156,5,0.99
2024-05-02,Product_C,96,192,188,12,0.97
2024-05-03,Product_C,84,62,147,10,0.92
2024-05-04,Product_C,95,248,50,12,0.88
2024-05-05,Product_C,97,157,93,4,0.91
2024-05-06,Product_C,87,302,181,6,0.88
2024-05-07,Product_C,81,236,57,12,0.85
2024-05-08,Product_C,86,78,64,9,0.89
2024-05-09,Product_C,101,371,116,9,0.88
2024-05-10,Product_C,89,80,123,5,0.96
2024-05-11,Product_C,89,69,62,13,0.88
2024-05-12,Product_C,102,448,194,8,0.95
2024-05-13,Product_C,119,424,150,9,0.88
2024-05-14,Product_C,90,349,89,3,0.89
2024-05-15,Product_C,101,139,116,9,0.94
2024-05-16,Product_C,98,381,141,11,0.97
2024-05-17,Product_C,89,263,157,7,0.99
2024-05-18,Product_C,93,241,128,8,0.86
2024-05-19,Product_C,109,109,97,7,0.96
2024-05-20,Product_C,107,452,82,7,0.99
2024-05-21,Product_C,106,435,80,3,0.99
2024-05-22,Product_C,110,221,61,5,0.91
2024-05-23,Product_C,95,237,188,13,0.96
2024-05-24,Product_C,89,305,69,10,0.89
2024-05-25,Product_C,73,92,57,7,0.89
2024-05-26,Product_C,90,340,72,4,0.96
2024-05-27,Product_C,102,469,118,5,0.99
2024-05-28,Product_C,97,388,51,7,0.88
2024-05-29,Product_C,107,103,116,6,0.91
2024-05-30,Product_C,106,240,97,9,0.85
2024-05-31,Product_C,104,426,165,12,0.94
2024-06-01,Product_C,106,454,50,7,0.87
2024-06-02,Product_C,78,262,108,8,0.86
2024-06-03,Product_C,85,241,55,7,0.9
2024-06-04,Product_C,85,319,155,6,0.9
2024-06-05,Product_C,83,102,158,5,0.92
2024-06-06,Product_C,87,235,54,3,0.93
2024-06-07,Product_C,87,299,69,10,0.87
2024-06-08,Product_C,78,142,55,9,1.0
2024-06-09,Product_C,88,159,137,6,0.91
2024-06-10,Product_C,86,129,120,13,0.86
2024-06-11,Product_C,85,221,82,3,0.96
2024-06-12,Product_C,72,209,73,8,0.9
2024-06-13,Product_C,98,265,153,9,0.98
2024-06-14,Product_C,97,94,110,8,0.98
2024-06-15,Product_C,76,358,177,5,0.91
2024-06-16,Product_C,89,432,158,9,0.9
2024-06-17,Product_C,104,382,166,10,0.99
2024-06-18,Product_C,89,467,149,11,0.86
2024-06-19,Product_C,83,149,195,7,0.99
2024-06-20,Product_C,81,198,59,7,0.93
2024-06-21,Product_C,105,62,194,11,0.99
2024-06-22,Product_C,89,470,68,11,0.92
2024-06-23,Product_C,88,300,75,10,0.97
2024-06-24,Product_C,93,134,112,10,0.93
2024-06-25,Product_C,95,430,136,4,0.99
2024-06-26,Product_C,92,438,124,12,0.87
2024-06-27,Product_C,81,364,96,3,0.99
2024-06-28,Product_C,70,425,183,11,0.9
2024-06-29,Product_C,94,361,113,6,0.91
2024-06-30,Product_C,91,280,165,11,0.93
2024-07-01,Product_C,73,249,127,3,0.86
2024-07-02,Product_C,74,190,175,13,0.85
2024-07-03,Product_C,79,483,164,13,0.98
2024-07-04,Product_C,70,331,99,4,0.88
2024-07-05,Product_C,78,489,63,8,0.88
2024-07-06,Product_C,75,266,110,3,0.96
2024-07-07,Product_C,69,477,138,13,0.94
2024-07-08,Product_C,73,299,136,8,0.98
2024-07-09,Product_C,77,175,109,13,0.91
2024-07-10,Product_C,70,112,87,4,0.95
2024-07-11,Product_C,71,89,57,10,0.91
2024-07-12,Product_C,72,237,106,5,0.9
2024-07-13,Product_C,61,392,89,9,0.88
2024-07-14,Product_C,62,367,142,9,0.85
2024-07-15,Product_C,78,312,86,6,0.85
2024-07-16,Product_C,64,392,64,13,0.92
2024-07-17,Product_C,78,299,138,3,0.94
2024-07-18,Product_C,79,412,136,3,0.95
2024-07-19,Product_C,87,320,114,8,0.86
2024-07-20,Product_C,87,149,126,9,0.91
2024-07-21,Product_C,59,222,156,11,0.95
2024-07-22,Product_C,81,305,61,5,0.99
2024-07-23,Product_C,91,355,166,3,0.92
2024-07-24,Product_C,86,181,136,7,0.87
2024-07-25,Product_C,84,322,190,6,0.99
2024-07-26,Product_C,76,110,162,11,0.98
2024-07-27,Product_C,82,119,66,3,0.91
2024-07-28,Product_C,91,434,62,13,0.97
2024-07-29,Product_C,71,55,146,5,0.95
2024-07-30,Product_C,80,136,117,6,0.87
2024-07-31,Product_C,72,268,106,4,0.93
2024-08-01,Product_C,53,75,68,11,0.85
2024-08-02,Product_C,60,155,99,8,0.98
2024-08-03,Product_C,60,273,57,7,1.0
2024-08-04,Product_C,70,243,58,5,0.92
2024-08-05,Product_C,48,75,83,10,0.97
2024-08-06,Product_C,70,232,156,4,0.98
2024-08-07,Product_C,69,456,111,9,0.94
2024-08-08,Product_C,65,448,102,10,0.97
2024-08-09,Product_C,66,375,190,13,0.87
2024-08-10,Product_C,49,339,135,5,0.91
2024-08-11,Product_C,71,200,146,11,0.96
2024-08-12,Product_C,70,407,145,4,0.96
2024-08-13,Product_C,77,426,167,7,0.97
2024-08-14,Product_C,63,292,70,10,0.91
2024-08-15,Product_C,66,201,153,7,0.98
2024-08-16,Product_C,61,237,106,13,0.97
2024-08-17,Product_C,76,119,144,5,0.87
2024-08-18,Product_C,67,200,119,4,0.99
2024-08-19,Product_C,64,170,158,9,0.96
2024-08-20,Product_C,75,317,152,5,0.86
2024-08-21,Product_C,73,349,196,13,0.99
2024-08-22,Product_C,79,157,96,4,0.91
2024-08-23,Product_C,72,209,60,12,0.94
2024-08-24,Product_C,65,395,104,6,0.89
2024-08-25,Product_C,79,479,101,12,0.97
2024-08-26,Product_C,68,146,97,13,0.94
2024-08-27,Product_C,57,118,163,7,0.96
2024-08-28,Product_C,63,436,144,11,0.86
2024-08-29,Product_C,69,475,91,6,0.92
2024-08-30,Product_C,70,222,124,12,0.88
2024-08-31,Product_C,59,211,195,5,0.9
2024-09-01,Product_C,57,322,148,12,0.98
2024-09-02,Product_C,59,358,184,7,0.85
2024-09-03,Product_C,57,111,66,7,0.94
2024-09-04,Product_C,77,481,185,5,0.91
2024-09-05,Product_C,70,464,154,8,0.88
2024-09-06,Product_C,59,169,164,7,0.9
2024-09-07,Product_C,75,306,138,6,0.85
2024-09-08,Product_C,67,400,192,9,0.87
2024-09-09,Product_C,74,161,180,3,0.86
2024-09-10,Product_C,75,324,118,12,0.99
2024-09-11,Product_C,63,446,177,5,0.94
2024-09-12,Product_C,52,340,132,8,0.98
2024-09-13,Product_C,68,158,148,6,0.93
2024-09-14,Product_C,65,196,61,13,0.98
2024-09-15,Product_C,61,445,90,11,0.92
2024-09-16,Product_C,73,156,183,6,0.87
2024-09-17,Product_C,60,429,70,4,0.95
2024-09-18,Product_C,69,454,195,7,0.88
2024-09-19,Product_C,69,396,109,9,0.89
2024-09-20,Product_C,69,164,139,6,0.9
2024-09-21,Product_C,58,76,153,8,0.89
2024-09-22,Product_C,60,315,169,3,0.86
2024-09-23,Product_C,72,60,182,7,0.87
2024-09-24,Product_C,56,118,184,9,0.86
2024-09-25,Product_C,56,105,154,6,0.89
2024-09-26,Product_C,60,375,129,6,0.99
2024-09-27,Product_C,63,289,111,11,0.99
2024-09-28,Product_C,65,53,93,10,0.91
2024-09-29,Product_C,69,277,163,4,0.94
2024-09-30,Product_C,75,118,119,8,0.93
2024-10-01,Product_C,62,466,85,3,0.92
2024-10-02,Product_C,66,150,145,12,0.92
2024-10-03,Product_C,74,327,66,9,0.9
2024-10-04,Product_C,61,444,50,11,0.99
2024-10-05,Product_C,58,457,112,3,0.99
2024-10-06,Product_C,58,140,135,4,1.0
2024-10-07,Product_C,61,436,167,3,1.0
2024-10-08,Product_C,64,471,160,3,0.92
2024-10-09,Product_C,69,334,177,11,0.91
2024-10-10,Product_C,61,119,179,8,0.92
2024-10-11,Product_C,70,181,105,13,0.98
2024-10-12,Product_C,69,193,100,13,0.9
2024-10-13,Product_C,72,432,104,3,0.89
2024-10-14,Product_C,67,236,157,8,0.98
2024-10-15,Product_C,79,482,91,13,0.87
2024-10-16,Product_C,78,73,109,5,0.97
2024-10-17,Product_C,69,115,191,7,0.97
2024-10-18,Product_C,76,217,91,10,0.98
2024-10-19,Product_C,69,57,75,13,0.95
2024-10-20,Product_C,63,56,129,5,0.95
2024-10-21,Product_C,67,291,150,9,0.86
2024-10-22,Product_C,57,175,162,6,0.92
2024-10-23,Product_C,72,225,52,13,0.98
2024-10-24,Product_C,65,392,138,8,0.95
2024-10-25,Product_C,66,418,98,12,0.9
2024-10-26,Product_C,68,307,65,8,0.98
2024-10-27,Product_C,72,376,182,10,0.93
2024-10-28,Product_C,55,463,74,7,1.0
2024-10-29,Product_C,77,262,107,6,0.97
2024-10-30,Product_C,64,106,103,3,0.89
2024-10-31,Product_C,70,391,86,6,0.88
2024-11-01,Product_C,72,389,62,11,0.93
2024-11-02,Product_C,66,291,63,6,0.97
2024-11-03,Product_C,74,65,140,10,0.98
2024-11-04,Product_C,81,109,59,11,0.97
2024-11-05,Product_C,78,85,181,6,0.92
2024-11-06,Product_C,72,58,79,5,0.96
2024-11-07,Product_C,83,65,71,7,0.95
2024-11-08,Product_C,73,495,156,7,1.0
2024-11-09,Product_C,74,350,171,5,0.89
2024-11-10,Product_C,82,315,122,5,0.87
2024-11-11,Product_C,78,405,69,10,0.96
2024-11-12,Product_C,55,350,55,13,0.94
2024-11-13,Product_C,66,156,88,8,0.88
2024-11-14,Product_C,80,300,131,8,0.93
2024-11-15,Product_C,75,343,192,9,0.85
2024-11-16,Product_C,82,114,151,5,0.87
2024-11-17,Product_C,90,304,131,3,0.94
2024-11-18,Product_C,95,133,59,4,0.93
2024-11-19,Product_C,64,477,96,9,0.97
2024-11-20,Product_C,69,102,141,4,1.0
2024-11-21,Product_C,75,84,124,3,0.92
2024-11-22,Product_C,81,378,127,11,0.86
2024-11-23,Product_C,67,424,182,9,0.91
2024-11-24,Product_C,80,155,125,10,0.86
2024-11-25,Product_C,69,483,79,4,0.89
2024-11-26,Product_C,87,402,143,12,0.95
2024-11-27,Product_C,86,57,61,7,0.95
2024-11-28,Product_C,79,140,82,12,0.98
2024-11-29,Product_C,87,163,178,13,0.87
2024-11-30,Product_C,77,114,65,8,0.9
2024-12-01,Product_C,100,59,111,7,0.91
2024-12-02,Product_C,99,372,90,13,0.87
2024-12-03,Product_C,87,327,89,12,0.92
2024-12-04,Product_C,80,311,161,4,0.91
2024-12-05,Product_C,84,427,198,12,0.89
2024-12-06,Product_C,78,190,125,11,0.93
2024-12-07,Product_C,85,110,182,4,0.85
2024-12-08,Product_C,97,101,171,9,0.96
2024-12-09,Product_C,81,333,168,13,1.0
2024-12-10,Product_C,98,467,130,7,0.95
2024-12-11,Product_C,92,88,173,7,0.89
2024-12-12,Product_C,93,164,170,7,0.91
2024-12-13,Product_C,100,386,172,6,0.91
2024-12-14,Product_C,75,324,113,7,0.95
2024-12-15,Product_C,96,116,52,8,0.85
2024-12-16,Product_C,89,473,73,10,0.93
2024-12-17,Product_C,84,311,198,9,0.97
2024-12-18,Product_C,87,418,78,9,0.9
2024-12-19,Product_C,101,125,59,7,0.99
2024-12-20,Product_C,119,224,88,12,0.99
2024-12-21,Product_C,85,85,180,11,0.94
2024-12-22,Product_C,77,255,93,13,0.94
2024-12-23,Product_C,103,132,126,13,0.87
2024-12-24,Product_C,74,70,169,4,0.99
2024-12-25,Product_C,91,99,144,9,0.96
2024-12-26,Product_C,84,181,191,6,0.85
2024-12-27,Product_C,91,273,180,3,0.98
2024-12-28,Product_C,96,290,84,5,0.91
2024-12-29,Product_C,89,52,89,6,0.96
2024-12-30,Product_C,102,284,50,10,0.88
2024-12-31,Product_C,91,425,188,13,0.9
